version:v1.0,,,,,
Name [displayName] Required,User name [userPrincipalName] Required,Initial password [passwordProfile] Required,Block sign in (Yes/No) [accountEnabled] Required,First name [givenName],Last name [surname]
Matthew Abate,matthew.abate@bearnecessities.app,Temporary!1, No,Matthew,Abate
Erick Acevedo,erick.acevedo@bearnecessities.app,Temporary!2, No,Erick,Acevedo
Emma Acker,emma.acker@bearnecessities.app,Temporary!3, No,Emma,Acker
Clayton Adair,clayton.adair@bearnecessities.app,Temporary!4, No,Clayton,Adair
Laila Adawadkar,laila.adawadkar@bearnecessities.app,Temporary!5, No,Laila,Adawadkar
Isaac Adkins,isaac.adkins@bearnecessities.app,Temporary!6, No,Isaac,Adkins
Brenden Ahl,brenden.ahl@bearnecessities.app,Temporary!7, No,Brenden,Ahl
Nathan Aime,nathan.aime@bearnecessities.app,Temporary!8, No,Nathan,Aime
Tabitha Aime,tabitha.aime@bearnecessities.app,Temporary!9, No,Tabitha,Aime
Viola Ajro,viola.ajro@bearnecessities.app,Temporary!10, No,Viola,Ajro
Brian Akalski,brian.akalski@bearnecessities.app,Temporary!11, No,Brian,Akalski
Avis Akers,avis.akers@bearnecessities.app,Temporary!12, No,Avis,Akers
Dashiel Albright,dashiel.albright@bearnecessities.app,Temporary!13, No,Dashiel,Albright
Abraham Al-Khalili,abraham.al-khalili@bearnecessities.app,Temporary!14, No,Abraham,Al-Khalili
Alexa Allen,alexa.allen@bearnecessities.app,Temporary!15, No,Alexa,Allen
Sontino Allentuck,sontino.allentuck@bearnecessities.app,Temporary!16, No,Sontino,Allentuck
Aidan Andersen,aidan.andersen@bearnecessities.app,Temporary!17, No,Aidan,Andersen
Hayden Anderson,hayden.anderson@bearnecessities.app,Temporary!18, No,Hayden,Anderson
Raniah Andrianjafimahery,raniah.andrianjafimahery@bearnecessities.app,Temporary!19, No,Raniah,Andrianjafimahery
Emma Jane Andrus,emmajane.andrus@bearnecessities.app,Temporary!20, No,Emma Jane,Andrus
David Anthony,david.anthony@bearnecessities.app,Temporary!21, No,David,Anthony
Hanna Nicole Apelizan,hannanicole.apelizan@bearnecessities.app,Temporary!22, No,Hanna Nicole,Apelizan
Shyam Arakere,shyam.arakere@bearnecessities.app,Temporary!23, No,Shyam,Arakere
Joseph Armentrout,joseph.armentrout@bearnecessities.app,Temporary!24, No,Joseph,Armentrout
Faith Arnold,faith.arnold@bearnecessities.app,Temporary!25, No,Faith,Arnold
Emily Arpino,emily.arpino@bearnecessities.app,Temporary!26, No,Emily,Arpino
Solomon Ashby,solomon.ashby@bearnecessities.app,Temporary!27, No,Solomon,Ashby
Palmer Ashley,palmer.ashley@bearnecessities.app,Temporary!28, No,Palmer,Ashley
Elizabeth Atkinson,elizabeth.atkinson@bearnecessities.app,Temporary!29, No,Elizabeth,Atkinson
Grace Austin,grace.austin@bearnecessities.app,Temporary!30, No,Grace,Austin
Orwin Austin,orwin.austin@bearnecessities.app,Temporary!31, No,Orwin,Austin
Leomar Ayala-Irizarry,leomar.ayala-irizarry@bearnecessities.app,Temporary!32, No,Leomar,Ayala-Irizarry
Amr Baadani,amr.baadani@bearnecessities.app,Temporary!33, No,Amr,Baadani
Laila Baameur,laila.baameur@bearnecessities.app,Temporary!34, No,Laila,Baameur
Caeden Babcock,caeden.babcock@bearnecessities.app,Temporary!35, No,Caeden,Babcock
Alexander Baggett,alexander.baggett@bearnecessities.app,Temporary!36, No,Alexander,Baggett
Elkhan Bagirov,elkhan.bagirov@bearnecessities.app,Temporary!37, No,Elkhan,Bagirov
Leah Balser,leah.balser@bearnecessities.app,Temporary!38, No,Leah,Balser
Jerry James Banek Gabelle,jerryjames.banekgabelle@bearnecessities.app,Temporary!39, No,Jerry James,Banek Gabelle
Arlyn Bangsoy,arlyn.bangsoy@bearnecessities.app,Temporary!40, No,Arlyn,Bangsoy
Joshua Banks,joshua.banks@bearnecessities.app,Temporary!41, No,Joshua,Banks
Julia Barbalato,julia.barbalato@bearnecessities.app,Temporary!42, No,Julia,Barbalato
Sierra Barbee,sierra.barbee@bearnecessities.app,Temporary!43, No,Sierra,Barbee
Tye Barker,tye.barker@bearnecessities.app,Temporary!44, No,Tye,Barker
Richard Barkley,richard.barkley@bearnecessities.app,Temporary!45, No,Richard,Barkley
Ryan Barnard,ryan.barnard@bearnecessities.app,Temporary!46, No,Ryan,Barnard
Lara Baronsky,lara.baronsky@bearnecessities.app,Temporary!47, No,Lara,Baronsky
Jonathan Barrett,jonathan.barrett@bearnecessities.app,Temporary!48, No,Jonathan,Barrett
Agustin Barrido,agustin.barrido@bearnecessities.app,Temporary!49, No,Agustin,Barrido
Bridget Bartz,bridget.bartz@bearnecessities.app,Temporary!50, No,Bridget,Bartz
Drew Basque,drew.basque@bearnecessities.app,Temporary!51, No,Drew,Basque
Addison Bass,addison.bass@bearnecessities.app,Temporary!52, No,Addison,Bass
Hailey Bateman,hailey.bateman@bearnecessities.app,Temporary!53, No,Hailey,Bateman
Jackson Bauer,jackson.bauer@bearnecessities.app,Temporary!54, No,Jackson,Bauer
Luc Bay,luc.bay@bearnecessities.app,Temporary!55, No,Luc,Bay
Grant Bayesa,grant.bayesa@bearnecessities.app,Temporary!56, No,Grant,Bayesa
Jackson Beal,jackson.beal@bearnecessities.app,Temporary!57, No,Jackson,Beal
Grace Beardsley,grace.beardsley@bearnecessities.app,Temporary!58, No,Grace,Beardsley
Alexander Beato,alexander.beato@bearnecessities.app,Temporary!59, No,Alexander,Beato
Elise Beauchemin,elise.beauchemin@bearnecessities.app,Temporary!60, No,Elise,Beauchemin
Natalie Beck,natalie.beck@bearnecessities.app,Temporary!61, No,Natalie,Beck
Mia Becker,mia.becker@bearnecessities.app,Temporary!62, No,Mia,Becker
Finn Bediamol,finn.bediamol@bearnecessities.app,Temporary!63, No,Finn,Bediamol
Charles Bednar,charles.bednar@bearnecessities.app,Temporary!64, No,Charles,Bednar
Emma Behel,emma.behel@bearnecessities.app,Temporary!65, No,Emma,Behel
Reed Beighau,reed.beighau@bearnecessities.app,Temporary!66, No,Reed,Beighau
Ryan Beighau,ryan.beighau@bearnecessities.app,Temporary!67, No,Ryan,Beighau
Daniel Belen Henroid,daniel.belenhenroid@bearnecessities.app,Temporary!68, No,Daniel,Belen Henroid
Sarah Bell,sarah.bell@bearnecessities.app,Temporary!69, No,Sarah,Bell
Kailee Beloberk,kailee.beloberk@bearnecessities.app,Temporary!70, No,Kailee,Beloberk
Allison Benstead,allison.benstead@bearnecessities.app,Temporary!71, No,Allison,Benstead
Owen Berger,owen.berger@bearnecessities.app,Temporary!72, No,Owen,Berger
Travis Berres,travis.berres@bearnecessities.app,Temporary!73, No,Travis,Berres
Nico Berrios,nico.berrios@bearnecessities.app,Temporary!74, No,Nico,Berrios
Cecelia Bertrand,cecelia.bertrand@bearnecessities.app,Temporary!75, No,Cecelia,Bertrand
Milo Bertrand,milo.bertrand@bearnecessities.app,Temporary!76, No,Milo,Bertrand
Ella Besant,ella.besant@bearnecessities.app,Temporary!77, No,Ella,Besant
Diba Bhuiyan,diba.bhuiyan@bearnecessities.app,Temporary!78, No,Diba,Bhuiyan
Dylan Bird,dylan.bird@bearnecessities.app,Temporary!79, No,Dylan,Bird
Tyler Bissett,tyler.bissett@bearnecessities.app,Temporary!80, No,Tyler,Bissett
Nathan Black,nathan.black@bearnecessities.app,Temporary!81, No,Nathan,Black
Colbrin Blanchette,colbrin.blanchette@bearnecessities.app,Temporary!82, No,Colbrin,Blanchette
Cowen Bland,cowen.bland@bearnecessities.app,Temporary!83, No,Cowen,Bland
Glory Blethen,glory.blethen@bearnecessities.app,Temporary!84, No,Glory,Blethen
Kyle Boe,kyle.boe@bearnecessities.app,Temporary!85, No,Kyle,Boe
Iris Boerman,iris.boerman@bearnecessities.app,Temporary!86, No,Iris,Boerman
Kaitlyn Boggs,kaitlyn.boggs@bearnecessities.app,Temporary!87, No,Kaitlyn,Boggs
Ashley Boley,ashley.boley@bearnecessities.app,Temporary!88, No,Ashley,Boley
David Bolin,david.bolin@bearnecessities.app,Temporary!89, No,David,Bolin
Oliver Bolton,oliver.bolton@bearnecessities.app,Temporary!90, No,Oliver,Bolton
Benjamin Bonetto,benjamin.bonetto@bearnecessities.app,Temporary!91, No,Benjamin,Bonetto
Mackenzie Boose,mackenzie.boose@bearnecessities.app,Temporary!92, No,Mackenzie,Boose
Emily Bornarth,emily.bornarth@bearnecessities.app,Temporary!93, No,Emily,Bornarth
Fletcher Bottke,fletcher.bottke@bearnecessities.app,Temporary!94, No,Fletcher,Bottke
Connor Boudreau,connor.boudreau@bearnecessities.app,Temporary!95, No,Connor,Boudreau
Florian Boulay,florian.boulay@bearnecessities.app,Temporary!96, No,Florian,Boulay
Melanie Bower,melanie.bower@bearnecessities.app,Temporary!97, No,Melanie,Bower
Joshua Bowman,joshua.bowman@bearnecessities.app,Temporary!98, No,Joshua,Bowman
Mercedes Bowman,mercedes.bowman@bearnecessities.app,Temporary!99, No,Mercedes,Bowman
Lydia Boyer,lydia.boyer@bearnecessities.app,Temporary!100, No,Lydia,Boyer
Carter Boykin-Holland,carter.boykin-holland@bearnecessities.app,Temporary!101, No,Carter,Boykin-Holland
Elizabeth Boyson,elizabeth.boyson@bearnecessities.app,Temporary!102, No,Elizabeth,Boyson
Harlan Brady,harlan.brady@bearnecessities.app,Temporary!103, No,Harlan,Brady
Maximos Brady,maximos.brady@bearnecessities.app,Temporary!104, No,Maximos,Brady
John Bragaw,john.bragaw@bearnecessities.app,Temporary!105, No,John,Bragaw
Garrett Bragg,garrett.bragg@bearnecessities.app,Temporary!106, No,Garrett,Bragg
Jazmyn Brandon,jazmyn.brandon@bearnecessities.app,Temporary!107, No,Jazmyn,Brandon
Magnum Brandt,magnum.brandt@bearnecessities.app,Temporary!108, No,Magnum,Brandt
Julia Breidenthal,julia.breidenthal@bearnecessities.app,Temporary!109, No,Julia,Breidenthal
Tessa Breitbart,tessa.breitbart@bearnecessities.app,Temporary!110, No,Tessa,Breitbart
Brooks Brennan,brooks.brennan@bearnecessities.app,Temporary!111, No,Brooks,Brennan
Genevieve Brewer,genevieve.brewer@bearnecessities.app,Temporary!112, No,Genevieve,Brewer
Rylie Brick,rylie.brick@bearnecessities.app,Temporary!113, No,Rylie,Brick
Emma Briggs,emma.briggs@bearnecessities.app,Temporary!114, No,Emma,Briggs
Mollie Brinker,mollie.brinker@bearnecessities.app,Temporary!115, No,Mollie,Brinker
Cameron Brown,cameron.brown@bearnecessities.app,Temporary!116, No,Cameron,Brown
Cleveland Brown,cleveland.brown@bearnecessities.app,Temporary!117, No,Cleveland,Brown
Ethan Brown,ethan.brown@bearnecessities.app,Temporary!118, No,Ethan,Brown
Jacob Brown,jacob.brown@bearnecessities.app,Temporary!119, No,Jacob,Brown
Roseann Brown,roseann.brown@bearnecessities.app,Temporary!120, No,Roseann,Brown
MacKenzie Bucki,mackenzie.bucki@bearnecessities.app,Temporary!121, No,MacKenzie,Bucki
Anna Buelt,anna.buelt@bearnecessities.app,Temporary!122, No,Anna,Buelt
Van Buhrman,van.buhrman@bearnecessities.app,Temporary!123, No,Van,Buhrman
Karagan Bulger,karagan.bulger@bearnecessities.app,Temporary!124, No,Karagan,Bulger
Samuel Bunch,samuel.bunch@bearnecessities.app,Temporary!125, No,Samuel,Bunch
Jackson Burrows,jackson.burrows@bearnecessities.app,Temporary!126, No,Jackson,Burrows
Trevor Bush,trevor.bush@bearnecessities.app,Temporary!127, No,Trevor,Bush
Nicholas Butler,nicholas.butler@bearnecessities.app,Temporary!128, No,Nicholas,Butler
Thomas Butler,thomas.butler@bearnecessities.app,Temporary!129, No,Thomas,Butler
Andrew Buzzelli,andrew.buzzelli@bearnecessities.app,Temporary!130, No,Andrew,Buzzelli
Emelia Campbell,emelia.campbell@bearnecessities.app,Temporary!131, No,Emelia,Campbell
Dedime Campos,dedime.campos@bearnecessities.app,Temporary!132, No,Dedime,Campos
Tristen Carbonell,tristen.carbonell@bearnecessities.app,Temporary!133, No,Tristen,Carbonell
Michael Carden,michael.carden@bearnecessities.app,Temporary!134, No,Michael,Carden
Christine Carey,christine.carey@bearnecessities.app,Temporary!135, No,Christine,Carey
Benjamin Carlander,benjamin.carlander@bearnecessities.app,Temporary!136, No,Benjamin,Carlander
Dillon Carmen,dillon.carmen@bearnecessities.app,Temporary!137, No,Dillon,Carmen
Thomas Carney,thomas.carney@bearnecessities.app,Temporary!138, No,Thomas,Carney
Jake Carpenter,jake.carpenter@bearnecessities.app,Temporary!139, No,Jake,Carpenter
Matthew Carper,matthew.carper@bearnecessities.app,Temporary!140, No,Matthew,Carper
Kieth Nico Carreon,kiethnico.carreon@bearnecessities.app,Temporary!141, No,Kieth Nico,Carreon
Princess Kristel Carreon,princesskristel.carreon@bearnecessities.app,Temporary!142, No,Princess Kristel,Carreon
John Carroll,john.carroll@bearnecessities.app,Temporary!143, No,John,Carroll
Samuel Carroll,samuel.carroll@bearnecessities.app,Temporary!144, No,Samuel,Carroll
Gillian Cascio,gillian.cascio@bearnecessities.app,Temporary!145, No,Gillian,Cascio
Noah Caskey,noah.caskey@bearnecessities.app,Temporary!146, No,Noah,Caskey
Junna Castel,junna.castel@bearnecessities.app,Temporary!147, No,Junna,Castel
Quintin Castelli,quintin.castelli@bearnecessities.app,Temporary!148, No,Quintin,Castelli
David Castiglione,david.castiglione@bearnecessities.app,Temporary!149, No,David,Castiglione
Ebenezer Castleman,ebenezer.castleman@bearnecessities.app,Temporary!150, No,Ebenezer,Castleman
Omar Castro,omar.castro@bearnecessities.app,Temporary!151, No,Omar,Castro
Aiana Cayao,aiana.cayao@bearnecessities.app,Temporary!152, No,Aiana,Cayao
Preston Cecotti,preston.cecotti@bearnecessities.app,Temporary!153, No,Preston,Cecotti
Jake Chambers,jake.chambers@bearnecessities.app,Temporary!154, No,Jake,Chambers
Eli Chapman,eli.chapman@bearnecessities.app,Temporary!155, No,Eli,Chapman
Joseph Chapman,joseph.chapman@bearnecessities.app,Temporary!156, No,Joseph,Chapman
James Chase,james.chase@bearnecessities.app,Temporary!157, No,James,Chase
Joseph Chavez,joseph.chavez@bearnecessities.app,Temporary!158, No,Joseph,Chavez
Luke Cherry,luke.cherry@bearnecessities.app,Temporary!159, No,Luke,Cherry
Brandon Chhoeung,brandon.chhoeung@bearnecessities.app,Temporary!160, No,Brandon,Chhoeung
Carson Cho,carson.cho@bearnecessities.app,Temporary!161, No,Carson,Cho
Sarah Choe,sarah.choe@bearnecessities.app,Temporary!162, No,Sarah,Choe
Alejandro Christopher,alejandro.christopher@bearnecessities.app,Temporary!163, No,Alejandro,Christopher
Paraskevi Christopoulos,paraskevi.christopoulos@bearnecessities.app,Temporary!164, No,Paraskevi,Christopoulos
Joseph Church,joseph.church@bearnecessities.app,Temporary!165, No,Joseph,Church
Megan Churm,megan.churm@bearnecessities.app,Temporary!166, No,Megan,Churm
Gavin Clark,gavin.clark@bearnecessities.app,Temporary!167, No,Gavin,Clark
Samuel Clark,samuel.clark@bearnecessities.app,Temporary!168, No,Samuel,Clark
Matthew Clarke,matthew.clarke@bearnecessities.app,Temporary!169, No,Matthew,Clarke
Jack Clements,jack.clements@bearnecessities.app,Temporary!170, No,Jack,Clements
Jonathan Clifford,jonathan.clifford@bearnecessities.app,Temporary!171, No,Jonathan,Clifford
Caitlyn Coates,caitlyn.coates@bearnecessities.app,Temporary!172, No,Caitlyn,Coates
Taylor Cole,taylor.cole@bearnecessities.app,Temporary!173, No,Taylor,Cole
Gabriela Collazo,gabriela.collazo@bearnecessities.app,Temporary!174, No,Gabriela,Collazo
Matthew Condon,matthew.condon@bearnecessities.app,Temporary!175, No,Matthew,Condon
Julia Conneely,julia.conneely@bearnecessities.app,Temporary!176, No,Julia,Conneely
Lauren Conner,lauren.conner@bearnecessities.app,Temporary!177, No,Lauren,Conner
Charles Cook,charles.cook@bearnecessities.app,Temporary!178, No,Charles,Cook
Jaeden Coons,jaeden.coons@bearnecessities.app,Temporary!179, No,Jaeden,Coons
Gabriel Cooper,gabriel.cooper@bearnecessities.app,Temporary!180, No,Gabriel,Cooper
Graham Copeland,graham.copeland@bearnecessities.app,Temporary!181, No,Graham,Copeland
Josephine Copeland,josephine.copeland@bearnecessities.app,Temporary!182, No,Josephine,Copeland
Walker Corbin,walker.corbin@bearnecessities.app,Temporary!183, No,Walker,Corbin
Nathan Corr,nathan.corr@bearnecessities.app,Temporary!184, No,Nathan,Corr
Emily Cortes,emily.cortes@bearnecessities.app,Temporary!185, No,Emily,Cortes
William Cory,william.cory@bearnecessities.app,Temporary!186, No,William,Cory
Miguel Cotto,miguel.cotto@bearnecessities.app,Temporary!187, No,Miguel,Cotto
Abraham Countryman,abraham.countryman@bearnecessities.app,Temporary!188, No,Abraham,Countryman
Zoe Cousineau,zoe.cousineau@bearnecessities.app,Temporary!189, No,Zoe,Cousineau
Benjamin Coutu,benjamin.coutu@bearnecessities.app,Temporary!190, No,Benjamin,Coutu
Elliot Cowles,elliot.cowles@bearnecessities.app,Temporary!191, No,Elliot,Cowles
Mckenna Cowles,mckenna.cowles@bearnecessities.app,Temporary!192, No,Mckenna,Cowles
Morgan Coyle,morgan.coyle@bearnecessities.app,Temporary!193, No,Morgan,Coyle
Christina Cross,christina.cross@bearnecessities.app,Temporary!194, No,Christina,Cross
Victoria Cross,victoria.cross@bearnecessities.app,Temporary!195, No,Victoria,Cross
Ramon Cruz,ramon.cruz@bearnecessities.app,Temporary!196, No,Ramon,Cruz
Jael Cuellar,jael.cuellar@bearnecessities.app,Temporary!197, No,Jael,Cuellar
Jack Cura,jack.cura@bearnecessities.app,Temporary!198, No,Jack,Cura
Daniel Curbelo,daniel.curbelo@bearnecessities.app,Temporary!199, No,Daniel,Curbelo
Tyrese Dalmida,tyrese.dalmida@bearnecessities.app,Temporary!200, No,Tyrese,Dalmida
Davis Daughtry,davis.daughtry@bearnecessities.app,Temporary!201, No,Davis,Daughtry
Jack Davidson,jack.davidson@bearnecessities.app,Temporary!202, No,Jack,Davidson
Laurel Davis,laurel.davis@bearnecessities.app,Temporary!203, No,Laurel,Davis
Paul Davis,paul.davis@bearnecessities.app,Temporary!204, No,Paul,Davis
Emily Davis-Morin,emily.davis-morin@bearnecessities.app,Temporary!205, No,Emily,Davis-Morin
Roxanna De Alba,roxanna.dealba@bearnecessities.app,Temporary!206, No,Roxanna,De Alba
Logan De Los Santos,logan.delossantos@bearnecessities.app,Temporary!207, No,Logan,De Los Santos
Benjamin de Ondarza,benjamin.deondarza@bearnecessities.app,Temporary!208, No,Benjamin,de Ondarza
Connor Decatur,connor.decatur@bearnecessities.app,Temporary!209, No,Connor,Decatur
Myles DeCoste,myles.decoste@bearnecessities.app,Temporary!210, No,Myles,DeCoste
Emma Deery,emma.deery@bearnecessities.app,Temporary!211, No,Emma,Deery
Micaela DeGennaro,micaela.degennaro@bearnecessities.app,Temporary!212, No,Micaela,DeGennaro
Maria del Rosario Chan,maria.delrosariochan@bearnecessities.app,Temporary!213, No,Maria,del Rosario Chan
Allianne Matthew Dela Vega,alliannematthew.delavega@bearnecessities.app,Temporary!214, No,Allianne Matthew,Dela Vega
Blake Delevan,blake.delevan@bearnecessities.app,Temporary!215, No,Blake,Delevan
Mary Delfino,mary.delfino@bearnecessities.app,Temporary!216, No,Mary,Delfino
Robert DeLillo,robert.delillo@bearnecessities.app,Temporary!217, No,Robert,DeLillo
Alex Denaroso,alex.denaroso@bearnecessities.app,Temporary!218, No,Alex,Denaroso
Chase Denton,chase.denton@bearnecessities.app,Temporary!219, No,Chase,Denton
Jack Derry,jack.derry@bearnecessities.app,Temporary!220, No,Jack,Derry
Broock Desta,broock.desta@bearnecessities.app,Temporary!221, No,Broock,Desta
Xavier DiGennaro,xavier.digennaro@bearnecessities.app,Temporary!222, No,Xavier,DiGennaro
Carl DiGiorgio,carl.digiorgio@bearnecessities.app,Temporary!223, No,Carl,DiGiorgio
Lillian Disque,lillian.disque@bearnecessities.app,Temporary!224, No,Lillian,Disque
Jackson Doherty,jackson.doherty@bearnecessities.app,Temporary!225, No,Jackson,Doherty
Allison Donovan,allison.donovan@bearnecessities.app,Temporary!226, No,Allison,Donovan
Jackson Dorsey,jackson.dorsey@bearnecessities.app,Temporary!227, No,Jackson,Dorsey
Ryan Doty,ryan.doty@bearnecessities.app,Temporary!228, No,Ryan,Doty
Megan Doubrava,megan.doubrava@bearnecessities.app,Temporary!229, No,Megan,Doubrava
Bridget Dougherty,bridget.dougherty@bearnecessities.app,Temporary!230, No,Bridget,Dougherty
Darrah Downing,darrah.downing@bearnecessities.app,Temporary!231, No,Darrah,Downing
Reagan Doyle,reagan.doyle@bearnecessities.app,Temporary!232, No,Reagan,Doyle
Hope Drake Duval,hope.drakeduval@bearnecessities.app,Temporary!233, No,Hope,Drake Duval
Sean Dreher,sean.dreher@bearnecessities.app,Temporary!234, No,Sean,Dreher
Elena Dreier,elena.dreier@bearnecessities.app,Temporary!235, No,Elena,Dreier
Avri Dressback,avri.dressback@bearnecessities.app,Temporary!236, No,Avri,Dressback
Gustava Drew,gustava.drew@bearnecessities.app,Temporary!237, No,Gustava,Drew
Jeremy Dryer,jeremy.dryer@bearnecessities.app,Temporary!238, No,Jeremy,Dryer
Phoebe DuBois,phoebe.dubois@bearnecessities.app,Temporary!239, No,Phoebe,DuBois
Maeve Duffin,maeve.duffin@bearnecessities.app,Temporary!240, No,Maeve,Duffin
Carol Duffy,carol.duffy@bearnecessities.app,Temporary!241, No,Carol,Duffy
Leanara Dukat,leanara.dukat@bearnecessities.app,Temporary!242, No,Leanara,Dukat
Jadon Koa Dumlao,jadonkoa.dumlao@bearnecessities.app,Temporary!243, No,Jadon Koa,Dumlao
Shaley Dunn,shaley.dunn@bearnecessities.app,Temporary!244, No,Shaley,Dunn
Benjamin Dush,benjamin.dush@bearnecessities.app,Temporary!245, No,Benjamin,Dush
Wyatt Duthu,wyatt.duthu@bearnecessities.app,Temporary!246, No,Wyatt,Duthu
Bode Dykens,bode.dykens@bearnecessities.app,Temporary!247, No,Bode,Dykens
Cassie Eagle,cassie.eagle@bearnecessities.app,Temporary!248, No,Cassie,Eagle
Jacob Earnshaw,jacob.earnshaw@bearnecessities.app,Temporary!249, No,Jacob,Earnshaw
Ethan Easley,ethan.easley@bearnecessities.app,Temporary!250, No,Ethan,Easley
Sean Edghill,sean.edghill@bearnecessities.app,Temporary!251, No,Sean,Edghill
Levi Edmonds,levi.edmonds@bearnecessities.app,Temporary!252, No,Levi,Edmonds
Grace Edmondson,grace.edmondson@bearnecessities.app,Temporary!253, No,Grace,Edmondson
Agustus Edwards,agustus.edwards@bearnecessities.app,Temporary!254, No,Agustus,Edwards
Micheal Edwards,micheal.edwards@bearnecessities.app,Temporary!255, No,Micheal,Edwards
James Eichelberger,james.eichelberger@bearnecessities.app,Temporary!256, No,James,Eichelberger
Max Eisenbeiser,max.eisenbeiser@bearnecessities.app,Temporary!257, No,Max,Eisenbeiser
Rillian Eisenbeiser,rillian.eisenbeiser@bearnecessities.app,Temporary!258, No,Rillian,Eisenbeiser
Jack Elgas,jack.elgas@bearnecessities.app,Temporary!259, No,Jack,Elgas
Martha Enestvedt,martha.enestvedt@bearnecessities.app,Temporary!260, No,Martha,Enestvedt
Brenden Engstrom,brenden.engstrom@bearnecessities.app,Temporary!261, No,Brenden,Engstrom
Nicholas Esmond,nicholas.esmond@bearnecessities.app,Temporary!262, No,Nicholas,Esmond
Luke Fairweather,luke.fairweather@bearnecessities.app,Temporary!263, No,Luke,Fairweather
Brendan Fant,brendan.fant@bearnecessities.app,Temporary!264, No,Brendan,Fant
Helena Farias,helena.farias@bearnecessities.app,Temporary!265, No,Helena,Farias
Lillia Farlow,lillia.farlow@bearnecessities.app,Temporary!266, No,Lillia,Farlow
Luke Farrell,luke.farrell@bearnecessities.app,Temporary!267, No,Luke,Farrell
Keith Fatula,keith.fatula@bearnecessities.app,Temporary!268, No,Keith,Fatula
Patrick Feely,patrick.feely@bearnecessities.app,Temporary!269, No,Patrick,Feely
Paige Felkins,paige.felkins@bearnecessities.app,Temporary!270, No,Paige,Felkins
Madeline Fender,madeline.fender@bearnecessities.app,Temporary!271, No,Madeline,Fender
Tyson Fenn,tyson.fenn@bearnecessities.app,Temporary!272, No,Tyson,Fenn
Andrew Ferderer,andrew.ferderer@bearnecessities.app,Temporary!273, No,Andrew,Ferderer
Liliana Feyk,liliana.feyk@bearnecessities.app,Temporary!274, No,Liliana,Feyk
Annabelle Figueroa,annabelle.figueroa@bearnecessities.app,Temporary!275, No,Annabelle,Figueroa
Charles Fish,charles.fish@bearnecessities.app,Temporary!276, No,Charles,Fish
Jake Fish,jake.fish@bearnecessities.app,Temporary!277, No,Jake,Fish
Holly Fishel,holly.fishel@bearnecessities.app,Temporary!278, No,Holly,Fishel
Nathan Fitt,nathan.fitt@bearnecessities.app,Temporary!279, No,Nathan,Fitt
Conner FitzMaurice,conner.fitzmaurice@bearnecessities.app,Temporary!280, No,Conner,FitzMaurice
Jahi Fleet,jahi.fleet@bearnecessities.app,Temporary!281, No,Jahi,Fleet
Ryella Allyssa Flores,ryellaallyssa.flores@bearnecessities.app,Temporary!282, No,Ryella Allyssa,Flores
Josue Flores Bencomo,josue.floresbencomo@bearnecessities.app,Temporary!283, No,Josue,Flores Bencomo
Miguel Flowers,miguel.flowers@bearnecessities.app,Temporary!284, No,Miguel,Flowers
Christopher Flynn,christopher.flynn@bearnecessities.app,Temporary!285, No,Christopher,Flynn
Grace Flynn,grace.flynn@bearnecessities.app,Temporary!286, No,Grace,Flynn
Madison Foht,madison.foht@bearnecessities.app,Temporary!287, No,Madison,Foht
Nicholas Folkes,nicholas.folkes@bearnecessities.app,Temporary!288, No,Nicholas,Folkes
Madeline Fontana,madeline.fontana@bearnecessities.app,Temporary!289, No,Madeline,Fontana
Mia Forti,mia.forti@bearnecessities.app,Temporary!290, No,Mia,Forti
Anthony Fotos,anthony.fotos@bearnecessities.app,Temporary!291, No,Anthony,Fotos
Robert Fowler,robert.fowler@bearnecessities.app,Temporary!292, No,Robert,Fowler
Joshua France,joshua.france@bearnecessities.app,Temporary!293, No,Joshua,France
Kaela France,kaela.france@bearnecessities.app,Temporary!294, No,Kaela,France
Sean Francis,sean.francis@bearnecessities.app,Temporary!295, No,Sean,Francis
Jordan Frazer,jordan.frazer@bearnecessities.app,Temporary!296, No,Jordan,Frazer
Daniel Fredericks,daniel.fredericks@bearnecessities.app,Temporary!297, No,Daniel,Fredericks
Grant Freeman,grant.freeman@bearnecessities.app,Temporary!298, No,Grant,Freeman
Benjamin French,benjamin.french@bearnecessities.app,Temporary!299, No,Benjamin,French
Jackson Frizzell,jackson.frizzell@bearnecessities.app,Temporary!300, No,Jackson,Frizzell
Connor Fulbright,connor.fulbright@bearnecessities.app,Temporary!301, No,Connor,Fulbright
Trent Fulbright,trent.fulbright@bearnecessities.app,Temporary!302, No,Trent,Fulbright
Cole Fulton,cole.fulton@bearnecessities.app,Temporary!303, No,Cole,Fulton
Darius Gadsden,darius.gadsden@bearnecessities.app,Temporary!304, No,Darius,Gadsden
Charles Gaines,charles.gaines@bearnecessities.app,Temporary!305, No,Charles,Gaines
Sophia Galdamez,sophia.galdamez@bearnecessities.app,Temporary!306, No,Sophia,Galdamez
Julia Gallinger,julia.gallinger@bearnecessities.app,Temporary!307, No,Julia,Gallinger
Zachary Gamble,zachary.gamble@bearnecessities.app,Temporary!308, No,Zachary,Gamble
Aidan Garcia,aidan.garcia@bearnecessities.app,Temporary!309, No,Aidan,Garcia
Juan Garcia,juan.garcia@bearnecessities.app,Temporary!310, No,Juan,Garcia
Kira Garcia,kira.garcia@bearnecessities.app,Temporary!311, No,Kira,Garcia
Molly Garrett,molly.garrett@bearnecessities.app,Temporary!312, No,Molly,Garrett
Piper Garrett,piper.garrett@bearnecessities.app,Temporary!313, No,Piper,Garrett
Madison Garrigus,madison.garrigus@bearnecessities.app,Temporary!314, No,Madison,Garrigus
Jack Gausselin,jack.gausselin@bearnecessities.app,Temporary!315, No,Jack,Gausselin
John Rex Gaviola,johnrex.gaviola@bearnecessities.app,Temporary!316, No,John Rex,Gaviola
Gage Gehrke,gage.gehrke@bearnecessities.app,Temporary!317, No,Gage,Gehrke
Xaviera Geisen,xaviera.geisen@bearnecessities.app,Temporary!318, No,Xaviera,Geisen
Matthew Geminden,matthew.geminden@bearnecessities.app,Temporary!319, No,Matthew,Geminden
Blake George,blake.george@bearnecessities.app,Temporary!320, No,Blake,George
Jessy George,jessy.george@bearnecessities.app,Temporary!321, No,Jessy,George
Kristopher Gholson,kristopher.gholson@bearnecessities.app,Temporary!322, No,Kristopher,Gholson
Daniel Gibson,daniel.gibson@bearnecessities.app,Temporary!323, No,Daniel,Gibson
Virlyn Gibson,virlyn.gibson@bearnecessities.app,Temporary!324, No,Virlyn,Gibson
Bowen Giesbrecht,bowen.giesbrecht@bearnecessities.app,Temporary!325, No,Bowen,Giesbrecht
Dominic Gilbert,dominic.gilbert@bearnecessities.app,Temporary!326, No,Dominic,Gilbert
Marco Gillis,marco.gillis@bearnecessities.app,Temporary!327, No,Marco,Gillis
Charles Gimber,charles.gimber@bearnecessities.app,Temporary!328, No,Charles,Gimber
Benjamin Gingrich,benjamin.gingrich@bearnecessities.app,Temporary!329, No,Benjamin,Gingrich
Vito Giordano,vito.giordano@bearnecessities.app,Temporary!330, No,Vito,Giordano
Jonathan Glander,jonathan.glander@bearnecessities.app,Temporary!331, No,Jonathan,Glander
Grayson Glivar,grayson.glivar@bearnecessities.app,Temporary!332, No,Grayson,Glivar
Kael Godshalk,kael.godshalk@bearnecessities.app,Temporary!333, No,Kael,Godshalk
Joshua Golden,joshua.golden@bearnecessities.app,Temporary!334, No,Joshua,Golden
Aiden Gonzales,aiden.gonzales@bearnecessities.app,Temporary!335, No,Aiden,Gonzales
Genzo Matua Gonzales,genzomatua.gonzales@bearnecessities.app,Temporary!336, No,Genzo Matua,Gonzales
Seiji Gonzales,seiji.gonzales@bearnecessities.app,Temporary!337, No,Seiji,Gonzales
Alana Gonzalez,alana.gonzalez@bearnecessities.app,Temporary!338, No,Alana,Gonzalez
Isaiah Gonzalez,isaiah.gonzalez@bearnecessities.app,Temporary!339, No,Isaiah,Gonzalez
Margaret Gorman,margaret.gorman@bearnecessities.app,Temporary!340, No,Margaret,Gorman
Senan Gorman,senan.gorman@bearnecessities.app,Temporary!341, No,Senan,Gorman
Christian Gossage,christian.gossage@bearnecessities.app,Temporary!342, No,Christian,Gossage
Kevin Gosselin,kevin.gosselin@bearnecessities.app,Temporary!343, No,Kevin,Gosselin
Christian Gottlieb,christian.gottlieb@bearnecessities.app,Temporary!344, No,Christian,Gottlieb
Evan Granahan,evan.granahan@bearnecessities.app,Temporary!345, No,Evan,Granahan
Stone Grant,stone.grant@bearnecessities.app,Temporary!346, No,Stone,Grant
Anna Green,anna.green@bearnecessities.app,Temporary!347, No,Anna,Green
Brian Green,brian.green@bearnecessities.app,Temporary!348, No,Brian,Green
Madelyn Greene,madelyn.greene@bearnecessities.app,Temporary!349, No,Madelyn,Greene
Noah Greene,noah.greene@bearnecessities.app,Temporary!350, No,Noah,Greene
Ryan Gregory,ryan.gregory@bearnecessities.app,Temporary!351, No,Ryan,Gregory
Colin Griffee,colin.griffee@bearnecessities.app,Temporary!352, No,Colin,Griffee
Derrick Griffin,derrick.griffin@bearnecessities.app,Temporary!353, No,Derrick,Griffin
Eli Griffin,eli.griffin@bearnecessities.app,Temporary!354, No,Eli,Griffin
Vincent Grillo,vincent.grillo@bearnecessities.app,Temporary!355, No,Vincent,Grillo
Isabelle Grimm,isabelle.grimm@bearnecessities.app,Temporary!356, No,Isabelle,Grimm
James Griswold,james.griswold@bearnecessities.app,Temporary!357, No,James,Griswold
Ella Grizzle,ella.grizzle@bearnecessities.app,Temporary!358, No,Ella,Grizzle
Jacob Grohs,jacob.grohs@bearnecessities.app,Temporary!359, No,Jacob,Grohs
Ronald Gruen,ronald.gruen@bearnecessities.app,Temporary!360, No,Ronald,Gruen
Theodore Guba,theodore.guba@bearnecessities.app,Temporary!361, No,Theodore,Guba
Jason Guglietta,jason.guglietta@bearnecessities.app,Temporary!362, No,Jason,Guglietta
Abigail Guidry,abigail.guidry@bearnecessities.app,Temporary!363, No,Abigail,Guidry
Razie Guillory,razie.guillory@bearnecessities.app,Temporary!364, No,Razie,Guillory
Ayden Gurevich,ayden.gurevich@bearnecessities.app,Temporary!365, No,Ayden,Gurevich
Jaime Gustafson,jaime.gustafson@bearnecessities.app,Temporary!366, No,Jaime,Gustafson
Jordan Habben,jordan.habben@bearnecessities.app,Temporary!367, No,Jordan,Habben
Ian Hagan,ian.hagan@bearnecessities.app,Temporary!368, No,Ian,Hagan
Amalia Hagerty,amalia.hagerty@bearnecessities.app,Temporary!369, No,Amalia,Hagerty
Kelly Hagerty,kelly.hagerty@bearnecessities.app,Temporary!370, No,Kelly,Hagerty
Matthew Hagerty,matthew.hagerty@bearnecessities.app,Temporary!371, No,Matthew,Hagerty
Kevin Hall,kevin.hall@bearnecessities.app,Temporary!372, No,Kevin,Hall
Caleb Hammon,caleb.hammon@bearnecessities.app,Temporary!373, No,Caleb,Hammon
Maureen Hammond,maureen.hammond@bearnecessities.app,Temporary!374, No,Maureen,Hammond
Kathryn Harding,kathryn.harding@bearnecessities.app,Temporary!375, No,Kathryn,Harding
Jacob Hardy,jacob.hardy@bearnecessities.app,Temporary!376, No,Jacob,Hardy
Sarah Hardy,sarah.hardy@bearnecessities.app,Temporary!377, No,Sarah,Hardy
Gracie Hare,gracie.hare@bearnecessities.app,Temporary!378, No,Gracie,Hare
Sean Harmon,sean.harmon@bearnecessities.app,Temporary!379, No,Sean,Harmon
Jason Harrington,jason.harrington@bearnecessities.app,Temporary!380, No,Jason,Harrington
Andrew Harris,andrew.harris@bearnecessities.app,Temporary!381, No,Andrew,Harris
Leah Harris,leah.harris@bearnecessities.app,Temporary!382, No,Leah,Harris
Nathan Harris,nathan.harris@bearnecessities.app,Temporary!383, No,Nathan,Harris
Parker Harrison,parker.harrison@bearnecessities.app,Temporary!384, No,Parker,Harrison
Alexa Hartley,alexa.hartley@bearnecessities.app,Temporary!385, No,Alexa,Hartley
Major Hartman,major.hartman@bearnecessities.app,Temporary!386, No,Major,Hartman
Pauline Hartman,pauline.hartman@bearnecessities.app,Temporary!387, No,Pauline,Hartman
Jeffrey Hartung,jeffrey.hartung@bearnecessities.app,Temporary!388, No,Jeffrey,Hartung
Maged Hassan,maged.hassan@bearnecessities.app,Temporary!389, No,Maged,Hassan
Joshua Hayes,joshua.hayes@bearnecessities.app,Temporary!390, No,Joshua,Hayes
Logan Haynia,logan.haynia@bearnecessities.app,Temporary!391, No,Logan,Haynia
Kevin He,kevin.he@bearnecessities.app,Temporary!392, No,Kevin,He
Zachary Hegbli,zachary.hegbli@bearnecessities.app,Temporary!393, No,Zachary,Hegbli
Cathryn Hegner,cathryn.hegner@bearnecessities.app,Temporary!394, No,Cathryn,Hegner
Noah Heller,noah.heller@bearnecessities.app,Temporary!395, No,Noah,Heller
Julian Henderson,julian.henderson@bearnecessities.app,Temporary!396, No,Julian,Henderson
Lauren Henry,lauren.henry@bearnecessities.app,Temporary!397, No,Lauren,Henry
Harrison Hensley,harrison.hensley@bearnecessities.app,Temporary!398, No,Harrison,Hensley
Lleyton Herb,lleyton.herb@bearnecessities.app,Temporary!399, No,Lleyton,Herb
Brian Hernandez Andrade,brian.hernandezandrade@bearnecessities.app,Temporary!400, No,Brian,Hernandez Andrade
Felix Hernandez Kossick,felix.hernandezkossick@bearnecessities.app,Temporary!401, No,Felix,Hernandez Kossick
Adryan Herron,adryan.herron@bearnecessities.app,Temporary!402, No,Adryan,Herron
Alexandra Herron,alexandra.herron@bearnecessities.app,Temporary!403, No,Alexandra,Herron
Ashley Hickman,ashley.hickman@bearnecessities.app,Temporary!404, No,Ashley,Hickman
Ellie Hiestand,ellie.hiestand@bearnecessities.app,Temporary!405, No,Ellie,Hiestand
Ellie Hiigel,ellie.hiigel@bearnecessities.app,Temporary!406, No,Ellie,Hiigel
Tana Hiigel,tana.hiigel@bearnecessities.app,Temporary!407, No,Tana,Hiigel
Mackenzie Hilden,mackenzie.hilden@bearnecessities.app,Temporary!408, No,Mackenzie,Hilden
Margarita Hillan,margarita.hillan@bearnecessities.app,Temporary!409, No,Margarita,Hillan
Elijah Hinson,elijah.hinson@bearnecessities.app,Temporary!410, No,Elijah,Hinson
Paul Hobbs,paul.hobbs@bearnecessities.app,Temporary!411, No,Paul,Hobbs
Madeline Hodges,madeline.hodges@bearnecessities.app,Temporary!412, No,Madeline,Hodges
Charles Holbrooks,charles.holbrooks@bearnecessities.app,Temporary!413, No,Charles,Holbrooks
Hudson Holden,hudson.holden@bearnecessities.app,Temporary!414, No,Hudson,Holden
Harrison Holland,harrison.holland@bearnecessities.app,Temporary!415, No,Harrison,Holland
Claire Holman,claire.holman@bearnecessities.app,Temporary!416, No,Claire,Holman
Maddox Holmes-Selby,maddox.holmes-selby@bearnecessities.app,Temporary!417, No,Maddox,Holmes-Selby
Kyra Holmstrup,kyra.holmstrup@bearnecessities.app,Temporary!418, No,Kyra,Holmstrup
Brennan Holt,brennan.holt@bearnecessities.app,Temporary!419, No,Brennan,Holt
Celia Houston,celia.houston@bearnecessities.app,Temporary!420, No,Celia,Houston
Kira Howard,kira.howard@bearnecessities.app,Temporary!421, No,Kira,Howard
Alyssa Howry,alyssa.howry@bearnecessities.app,Temporary!422, No,Alyssa,Howry
Chloe Hudson,chloe.hudson@bearnecessities.app,Temporary!423, No,Chloe,Hudson
Joshua Hudson,joshua.hudson@bearnecessities.app,Temporary!424, No,Joshua,Hudson
Kenton Hudson,kenton.hudson@bearnecessities.app,Temporary!425, No,Kenton,Hudson
Avery Humphrey,avery.humphrey@bearnecessities.app,Temporary!426, No,Avery,Humphrey
Samuel Humphreys,samuel.humphreys@bearnecessities.app,Temporary!427, No,Samuel,Humphreys
Ryan Hunter,ryan.hunter@bearnecessities.app,Temporary!428, No,Ryan,Hunter
Emma Hupp,emma.hupp@bearnecessities.app,Temporary!429, No,Emma,Hupp
Kira Hutchinson-Lundy,kira.hutchinson-lundy@bearnecessities.app,Temporary!430, No,Kira,Hutchinson-Lundy
Jon Hutson,jon.hutson@bearnecessities.app,Temporary!431, No,Jon,Hutson
Mary M Huynh,mary.m.huynh@bearnecessities.app,Huvu845573, No,Mary,Huynh
Mary K Huynh,mary.k.huynh@bearnecessities.app,Soca798900, No,Mary,Huynh
Adrian Ililau,adrian.ililau@bearnecessities.app,Temporary!434, No,Adrian,Ililau
Thomas James Ingersoll,thomasjames.ingersoll@bearnecessities.app,Temporary!435, No,Thomas James,Ingersoll
Joshua Inman,joshua.inman@bearnecessities.app,Temporary!436, No,Joshua,Inman
Darsha Irugalbandara,darsha.irugalbandara@bearnecessities.app,Temporary!437, No,Darsha,Irugalbandara
Annika Irvine,annika.irvine@bearnecessities.app,Temporary!438, No,Annika,Irvine
Grayson Irwin,grayson.irwin@bearnecessities.app,Temporary!439, No,Grayson,Irwin
Rohan Iyer,rohan.iyer@bearnecessities.app,Temporary!440, No,Rohan,Iyer
Janae Jackson,janae.jackson@bearnecessities.app,Temporary!441, No,Janae,Jackson
Kyle Jacobson,kyle.jacobson@bearnecessities.app,Temporary!442, No,Kyle,Jacobson
Jordan Jansen,jordan.jansen@bearnecessities.app,Temporary!443, No,Jordan,Jansen
Naveen Jayaram,naveen.jayaram@bearnecessities.app,Temporary!444, No,Naveen,Jayaram
Katherine Jenkins,katherine.jenkins@bearnecessities.app,Temporary!445, No,Katherine,Jenkins
Hunter Jennings,hunter.jennings@bearnecessities.app,Temporary!446, No,Hunter,Jennings
Kalia Jerkatis,kalia.jerkatis@bearnecessities.app,Temporary!447, No,Kalia,Jerkatis
Tara Jessen,tara.jessen@bearnecessities.app,Temporary!448, No,Tara,Jessen
Edward Jobson,edward.jobson@bearnecessities.app,Temporary!449, No,Edward,Jobson
Hailey Johns,hailey.johns@bearnecessities.app,Temporary!450, No,Hailey,Johns
Caleb Johnson,caleb.johnson@bearnecessities.app,Temporary!451, No,Caleb,Johnson
Christian Johnson,christian.johnson@bearnecessities.app,Temporary!452, No,Christian,Johnson
Corvin Johnson,corvin.johnson@bearnecessities.app,Temporary!453, No,Corvin,Johnson
Giselle Johnson,giselle.johnson@bearnecessities.app,Temporary!454, No,Giselle,Johnson
James Johnson,james.johnson@bearnecessities.app,Temporary!455, No,James,Johnson
Jin Johnson,jin.johnson@bearnecessities.app,Temporary!456, No,Jin,Johnson
Nathaniel Johnson,nathaniel.johnson@bearnecessities.app,Temporary!457, No,Nathaniel,Johnson
Gabriel Jones,gabriel.jones@bearnecessities.app,Temporary!458, No,Gabriel,Jones
Phillip Jones,phillip.jones@bearnecessities.app,Temporary!459, No,Phillip,Jones
Tyler Jones,tyler.jones@bearnecessities.app,Temporary!460, No,Tyler,Jones
Tatiana Joseph,tatiana.joseph@bearnecessities.app,Temporary!461, No,Tatiana,Joseph
Madeline Jozwik,madeline.jozwik@bearnecessities.app,Temporary!462, No,Madeline,Jozwik
Isabella Judge,isabella.judge@bearnecessities.app,Temporary!463, No,Isabella,Judge
Garrett Juergens,garrett.juergens@bearnecessities.app,Temporary!464, No,Garrett,Juergens
John Kaleta,john.kaleta@bearnecessities.app,Temporary!465, No,John,Kaleta
Sarah Kaleta,sarah.kaleta@bearnecessities.app,Temporary!466, No,Sarah,Kaleta
Nikolaos Kalfas,nikolaos.kalfas@bearnecessities.app,Temporary!467, No,Nikolaos,Kalfas
James Kang,james.kang@bearnecessities.app,Temporary!468, No,James,Kang
Ryan Karman,ryan.karman@bearnecessities.app,Temporary!469, No,Ryan,Karman
Masen Karsten,masen.karsten@bearnecessities.app,Temporary!470, No,Masen,Karsten
Sarah Katz,sarah.katz@bearnecessities.app,Temporary!471, No,Sarah,Katz
Torin Kearney,torin.kearney@bearnecessities.app,Temporary!472, No,Torin,Kearney
Landon Kearns,landon.kearns@bearnecessities.app,Temporary!473, No,Landon,Kearns
Andrew Kehias,andrew.kehias@bearnecessities.app,Temporary!474, No,Andrew,Kehias
Laura Keister,laura.keister@bearnecessities.app,Temporary!475, No,Laura,Keister
Aislin Kelleher,aislin.kelleher@bearnecessities.app,Temporary!476, No,Aislin,Kelleher
Grant Kellenberger,grant.kellenberger@bearnecessities.app,Temporary!477, No,Grant,Kellenberger
Andrew Keller,andrew.keller@bearnecessities.app,Temporary!478, No,Andrew,Keller
Caitlin Kelly,caitlin.kelly@bearnecessities.app,Temporary!479, No,Caitlin,Kelly
Mikayla Kennedy,mikayla.kennedy@bearnecessities.app,Temporary!480, No,Mikayla,Kennedy
Grace Keogh,grace.keogh@bearnecessities.app,Temporary!481, No,Grace,Keogh
Aiden Kepper,aiden.kepper@bearnecessities.app,Temporary!482, No,Aiden,Kepper
Amanda Kerr,amanda.kerr@bearnecessities.app,Temporary!483, No,Amanda,Kerr
Dhiren Kettish,dhiren.kettish@bearnecessities.app,Temporary!484, No,Dhiren,Kettish
Collin Key,collin.key@bearnecessities.app,Temporary!485, No,Collin,Key
Eric Key,eric.key@bearnecessities.app,Temporary!486, No,Eric,Key
Crystal Kim,crystal.kim@bearnecessities.app,Temporary!487, No,Crystal,Kim
Dereck Kim,dereck.kim@bearnecessities.app,Temporary!488, No,Dereck,Kim
Jake Kim,jake.kim@bearnecessities.app,Temporary!489, No,Jake,Kim
Brennan King,brennan.king@bearnecessities.app,Temporary!490, No,Brennan,King
Gavin King,gavin.king@bearnecessities.app,Temporary!491, No,Gavin,King
Philip Kirby,philip.kirby@bearnecessities.app,Temporary!492, No,Philip,Kirby
Jais Kirkman,jais.kirkman@bearnecessities.app,Temporary!493, No,Jais,Kirkman
Sandra Kirvelevicius,sandra.kirvelevicius@bearnecessities.app,Temporary!494, No,Sandra,Kirvelevicius
Benjamin Klinefelter,benjamin.klinefelter@bearnecessities.app,Temporary!495, No,Benjamin,Klinefelter
Charlie Klinger,charlie.klinger@bearnecessities.app,Temporary!496, No,Charlie,Klinger
Elaina Koenig,elaina.koenig@bearnecessities.app,Temporary!497, No,Elaina,Koenig
Katie Kogler,katie.kogler@bearnecessities.app,Temporary!498, No,Katie,Kogler
Amanda Konieczny,amanda.konieczny@bearnecessities.app,Temporary!499, No,Amanda,Konieczny
Angela Kontz,angela.kontz@bearnecessities.app,Temporary!500, No,Angela,Kontz
Christopher Koskinen,christopher.koskinen@bearnecessities.app,Temporary!501, No,Christopher,Koskinen
Kameron Kosma,kameron.kosma@bearnecessities.app,Temporary!502, No,Kameron,Kosma
Aliza Kotzen,aliza.kotzen@bearnecessities.app,Temporary!503, No,Aliza,Kotzen
Sarah Krajewski,sarah.krajewski@bearnecessities.app,Temporary!504, No,Sarah,Krajewski
Peter Krause,peter.krause@bearnecessities.app,Temporary!505, No,Peter,Krause
Gabriella Kraus-Rivera,gabriella.kraus-rivera@bearnecessities.app,Temporary!506, No,Gabriella,Kraus-Rivera
Veronica Krystofik,veronica.krystofik@bearnecessities.app,Temporary!507, No,Veronica,Krystofik
Alexandra Kukal,alexandra.kukal@bearnecessities.app,Temporary!508, No,Alexandra,Kukal
Brigid Kunka,brigid.kunka@bearnecessities.app,Temporary!509, No,Brigid,Kunka
Mary Kunka,mary.kunka@bearnecessities.app,Temporary!510, No,Mary,Kunka
Liam Kuperman,liam.kuperman@bearnecessities.app,Temporary!511, No,Liam,Kuperman
Phillip Kuznetsov,phillip.kuznetsov@bearnecessities.app,Temporary!512, No,Phillip,Kuznetsov
Logan Kwon,logan.kwon@bearnecessities.app,Temporary!513, No,Logan,Kwon
Jeffrey La Dine,jeffrey.ladine@bearnecessities.app,Temporary!514, No,Jeffrey,La Dine
Matthew LaBouliere,matthew.labouliere@bearnecessities.app,Temporary!515, No,Matthew,LaBouliere
Ronald Lac,ronald.lac@bearnecessities.app,Temporary!516, No,Ronald,Lac
Mason LaForte,mason.laforte@bearnecessities.app,Temporary!517, No,Mason,LaForte
Angel Lahoz Santana,angel.lahozsantana@bearnecessities.app,Temporary!518, No,Angel,Lahoz Santana
Marley Lamb,marley.lamb@bearnecessities.app,Temporary!519, No,Marley,Lamb
Luke Lambert,luke.lambert@bearnecessities.app,Temporary!520, No,Luke,Lambert
Hannah Lane,hannah.lane@bearnecessities.app,Temporary!521, No,Hannah,Lane
Natasha Lange,natasha.lange@bearnecessities.app,Temporary!522, No,Natasha,Lange
Carson Langenbacher,carson.langenbacher@bearnecessities.app,Temporary!523, No,Carson,Langenbacher
Cadence Langton,cadence.langton@bearnecessities.app,Temporary!524, No,Cadence,Langton
Eve Lanzafame,eve.lanzafame@bearnecessities.app,Temporary!525, No,Eve,Lanzafame
Matthew Lanzilotta,matthew.lanzilotta@bearnecessities.app,Temporary!526, No,Matthew,Lanzilotta
Jack Larson,jack.larson@bearnecessities.app,Temporary!527, No,Jack,Larson
Ryan Laruy,ryan.laruy@bearnecessities.app,Temporary!528, No,Ryan,Laruy
Ethan Lasher,ethan.lasher@bearnecessities.app,Temporary!529, No,Ethan,Lasher
Hannah Laudenslager,hannah.laudenslager@bearnecessities.app,Temporary!530, No,Hannah,Laudenslager
Ty Lauritzen,ty.lauritzen@bearnecessities.app,Temporary!531, No,Ty,Lauritzen
Kyra Lay,kyra.lay@bearnecessities.app,Temporary!532, No,Kyra,Lay
Lucinae Lazaryan,lucinae.lazaryan@bearnecessities.app,Temporary!533, No,Lucinae,Lazaryan
Claire Lee,claire.lee@bearnecessities.app,Temporary!534, No,Claire,Lee
Davis Lee,davis.lee@bearnecessities.app,Temporary!535, No,Davis,Lee
John-Carlo Lee,john-carlo.lee@bearnecessities.app,Temporary!536, No,John-Carlo,Lee
Jonah Lee,jonah.lee@bearnecessities.app,Temporary!537, No,Jonah,Lee
Joyce Lee,joyce.lee@bearnecessities.app,Temporary!538, No,Joyce,Lee
Kerry Lee,kerry.lee@bearnecessities.app,Temporary!539, No,Kerry,Lee
Luke Lee,luke.lee@bearnecessities.app,Temporary!540, No,Luke,Lee
Michael Lee,michael.lee@bearnecessities.app,Temporary!541, No,Michael,Lee
SaraRose LeFors,sararose.lefors@bearnecessities.app,Temporary!542, No,SaraRose,LeFors
Matthew Lehnhardt,matthew.lehnhardt@bearnecessities.app,Temporary!543, No,Matthew,Lehnhardt
Thomas Lempriere,thomas.lempriere@bearnecessities.app,Temporary!544, No,Thomas,Lempriere
Michael Leone,michael.leone@bearnecessities.app,Temporary!545, No,Michael,Leone
Charles Leventhal,charles.leventhal@bearnecessities.app,Temporary!546, No,Charles,Leventhal
Jenna Lewandowski,jenna.lewandowski@bearnecessities.app,Temporary!547, No,Jenna,Lewandowski
Benjamin Lewis,benjamin.lewis@bearnecessities.app,Temporary!548, No,Benjamin,Lewis
Trent Lewis,trent.lewis@bearnecessities.app,Temporary!549, No,Trent,Lewis
Philip Liang,philip.liang@bearnecessities.app,Temporary!550, No,Philip,Liang
Christina Liano Mock,christina.lianomock@bearnecessities.app,Temporary!551, No,Christina,Liano Mock
Mikasa Lierman,mikasa.lierman@bearnecessities.app,Temporary!552, No,Mikasa,Lierman
Marina Lindsey,marina.lindsey@bearnecessities.app,Temporary!553, No,Marina,Lindsey
Carlee Lingle,carlee.lingle@bearnecessities.app,Temporary!554, No,Carlee,Lingle
Andrew Link,andrew.link@bearnecessities.app,Temporary!555, No,Andrew,Link
Samuel Linkous,samuel.linkous@bearnecessities.app,Temporary!556, No,Samuel,Linkous
Jaida Lippy,jaida.lippy@bearnecessities.app,Temporary!557, No,Jaida,Lippy
Kyle Liscom,kyle.liscom@bearnecessities.app,Temporary!558, No,Kyle,Liscom
Ryan Lista,ryan.lista@bearnecessities.app,Temporary!559, No,Ryan,Lista
Julia Little,julia.little@bearnecessities.app,Temporary!560, No,Julia,Little
Thomas Little,thomas.little@bearnecessities.app,Temporary!561, No,Thomas,Little
Clara Littlejohn,clara.littlejohn@bearnecessities.app,Temporary!562, No,Clara,Littlejohn
Hector Lizardo Moronta,hector.lizardomoronta@bearnecessities.app,Temporary!563, No,Hector,Lizardo Moronta
Dylan Lolley,dylan.lolley@bearnecessities.app,Temporary!564, No,Dylan,Lolley
Jayden Lomax,jayden.lomax@bearnecessities.app,Temporary!565, No,Jayden,Lomax
Madison O Long,madison.o.long@bearnecessities.app,Temporary!566, No,Madison,Long
Madison S Long,madison.s.long@bearnecessities.app,Temporary!567, No,Madison,Long
David Loomis,david.loomis@bearnecessities.app,Temporary!568, No,David,Loomis
Chase Lopez,chase.lopez@bearnecessities.app,Temporary!569, No,Chase,Lopez
Ryan Lopez,ryan.lopez@bearnecessities.app,Temporary!570, No,Ryan,Lopez
Rhyan Lough,rhyan.lough@bearnecessities.app,Temporary!571, No,Rhyan,Lough
Brendan Love,brendan.love@bearnecessities.app,Temporary!572, No,Brendan,Love
Lauren Love,lauren.love@bearnecessities.app,Temporary!573, No,Lauren,Love
Colby Loveless,colby.loveless@bearnecessities.app,Temporary!574, No,Colby,Loveless
Matthew Lubin,matthew.lubin@bearnecessities.app,Temporary!575, No,Matthew,Lubin
Chase Lusk,chase.lusk@bearnecessities.app,Temporary!576, No,Chase,Lusk
Sean Lyman,sean.lyman@bearnecessities.app,Temporary!577, No,Sean,Lyman
Taylor Lynch,taylor.lynch@bearnecessities.app,Temporary!578, No,Taylor,Lynch
Emma Lynch-Galvin,emma.lynch-galvin@bearnecessities.app,Temporary!579, No,Emma,Lynch-Galvin
Mara Maas,mara.maas@bearnecessities.app,Temporary!580, No,Mara,Maas
Emma MacGregor,emma.macgregor@bearnecessities.app,Temporary!581, No,Emma,MacGregor
Spencer MacKenzie,spencer.mackenzie@bearnecessities.app,Temporary!582, No,Spencer,MacKenzie
Parker Madden,parker.madden@bearnecessities.app,Temporary!583, No,Parker,Madden
Isaac Magee,isaac.magee@bearnecessities.app,Temporary!584, No,Isaac,Magee
Catherine Mahoney,catherine.mahoney@bearnecessities.app,Temporary!585, No,Catherine,Mahoney
Alexandra Mallison,alexandra.mallison@bearnecessities.app,Temporary!586, No,Alexandra,Mallison
Jackson Mamock,jackson.mamock@bearnecessities.app,Temporary!587, No,Jackson,Mamock
Victoria Mancine,victoria.mancine@bearnecessities.app,Temporary!588, No,Victoria,Mancine
Thomas Manley,thomas.manley@bearnecessities.app,Temporary!589, No,Thomas,Manley
Julia Mann,julia.mann@bearnecessities.app,Temporary!590, No,Julia,Mann
Katerina Mann,katerina.mann@bearnecessities.app,Temporary!591, No,Katerina,Mann
Luke Manning,luke.manning@bearnecessities.app,Temporary!592, No,Luke,Manning
Emily Mar,emily.mar@bearnecessities.app,Temporary!593, No,Emily,Mar
Eliot Maravich,eliot.maravich@bearnecessities.app,Temporary!594, No,Eliot,Maravich
Nicholas Marck,nicholas.marck@bearnecessities.app,Temporary!595, No,Nicholas,Marck
Brendan Marcy,brendan.marcy@bearnecessities.app,Temporary!596, No,Brendan,Marcy
Jack Markham Burgos,jack.markhamburgos@bearnecessities.app,Temporary!597, No,Jack,Markham Burgos
Sydney Marquez de la Plata,sydney.marquezdelaplata@bearnecessities.app,Temporary!598, No,Sydney,Marquez de la Plata
Kenneth Marra,kenneth.marra@bearnecessities.app,Temporary!599, No,Kenneth,Marra
Aidan Marroquin,aidan.marroquin@bearnecessities.app,Temporary!600, No,Aidan,Marroquin
Josef Marschall,josef.marschall@bearnecessities.app,Temporary!601, No,Josef,Marschall
Alexander Marshall,alexander.marshall@bearnecessities.app,Temporary!602, No,Alexander,Marshall
Anthony Martin,anthony.martin@bearnecessities.app,Temporary!603, No,Anthony,Martin
Jay Martin,jay.martin@bearnecessities.app,Temporary!604, No,Jay,Martin
Joseph Martin,joseph.martin@bearnecessities.app,Temporary!605, No,Joseph,Martin
Evan Mason,evan.mason@bearnecessities.app,Temporary!606, No,Evan,Mason
Edward Massell,edward.massell@bearnecessities.app,Temporary!607, No,Edward,Massell
Kara Maston,kara.maston@bearnecessities.app,Temporary!608, No,Kara,Maston
Mia Mastrogiovanni,mia.mastrogiovanni@bearnecessities.app,Temporary!609, No,Mia,Mastrogiovanni
Henry Matamoros Flores,henry.matamorosflores@bearnecessities.app,Temporary!610, No,Henry,Matamoros Flores
Alexander Mathes,alexander.mathes@bearnecessities.app,Temporary!611, No,Alexander,Mathes
Brendan Mattingly,brendan.mattingly@bearnecessities.app,Temporary!612, No,Brendan,Mattingly
Abby McAllister,abby.mcallister@bearnecessities.app,Temporary!613, No,Abby,McAllister
Savannah McBrayer,savannah.mcbrayer@bearnecessities.app,Temporary!614, No,Savannah,McBrayer
Gabriel McCallen,gabriel.mccallen@bearnecessities.app,Temporary!615, No,Gabriel,McCallen
Caitlin McCallion,caitlin.mccallion@bearnecessities.app,Temporary!616, No,Caitlin,McCallion
Charlotte McCarthy,charlotte.mccarthy@bearnecessities.app,Temporary!617, No,Charlotte,McCarthy
Fiona McCartin,fiona.mccartin@bearnecessities.app,Temporary!618, No,Fiona,McCartin
Patrick McCaskey,patrick.mccaskey@bearnecessities.app,Temporary!619, No,Patrick,McCaskey
Devon McCue,devon.mccue@bearnecessities.app,Temporary!620, No,Devon,McCue
Dylan McGill,dylan.mcgill@bearnecessities.app,Temporary!621, No,Dylan,McGill
Peter McGonagle,peter.mcgonagle@bearnecessities.app,Temporary!622, No,Peter,McGonagle
William McGowen,william.mcgowen@bearnecessities.app,Temporary!623, No,William,McGowen
Alexander McKinnon,alexander.mckinnon@bearnecessities.app,Temporary!624, No,Alexander,McKinnon
Ella McLaughlin,ella.mclaughlin@bearnecessities.app,Temporary!625, No,Ella,McLaughlin
Kani McLean,kani.mclean@bearnecessities.app,Temporary!626, No,Kani,McLean
Noah McMahon,noah.mcmahon@bearnecessities.app,Temporary!627, No,Noah,McMahon
Jayla McNamara,jayla.mcnamara@bearnecessities.app,Temporary!628, No,Jayla,McNamara
Anna McNaull,anna.mcnaull@bearnecessities.app,Temporary!629, No,Anna,McNaull
Rory McPherson,rory.mcpherson@bearnecessities.app,Temporary!630, No,Rory,McPherson
Madeline Mee,madeline.mee@bearnecessities.app,Temporary!631, No,Madeline,Mee
Colin Mejias,colin.mejias@bearnecessities.app,Temporary!632, No,Colin,Mejias
Lauren Mellon,lauren.mellon@bearnecessities.app,Temporary!633, No,Lauren,Mellon
Jasmine Mendez,jasmine.mendez@bearnecessities.app,Temporary!634, No,Jasmine,Mendez
Eleanor Mercatoris,eleanor.mercatoris@bearnecessities.app,Temporary!635, No,Eleanor,Mercatoris
Mary Mergott,mary.mergott@bearnecessities.app,Temporary!636, No,Mary,Mergott
Chase Merrick,chase.merrick@bearnecessities.app,Temporary!637, No,Chase,Merrick
Noah Mesa,noah.mesa@bearnecessities.app,Temporary!638, No,Noah,Mesa
Brandon Cole Mesngon,brandoncole.mesngon@bearnecessities.app,Temporary!639, No,Brandon Cole,Mesngon
Micah Messner,micah.messner@bearnecessities.app,Temporary!640, No,Micah,Messner
Tyler Michalek,tyler.michalek@bearnecessities.app,Temporary!641, No,Tyler,Michalek
Genevieve Middleton,genevieve.middleton@bearnecessities.app,Temporary!642, No,Genevieve,Middleton
Lily Mika,lily.mika@bearnecessities.app,Temporary!643, No,Lily,Mika
Harrison Milbert,harrison.milbert@bearnecessities.app,Temporary!644, No,Harrison,Milbert
Aidan Miles,aidan.miles@bearnecessities.app,Temporary!645, No,Aidan,Miles
Cole Miller,cole.miller@bearnecessities.app,Temporary!646, No,Cole,Miller
Dustin Miller,dustin.miller@bearnecessities.app,Temporary!647, No,Dustin,Miller
Maxwell Miller,maxwell.miller@bearnecessities.app,Temporary!648, No,Maxwell,Miller
Katrina Mills,katrina.mills@bearnecessities.app,Temporary!649, No,Katrina,Mills
Blaise Minckler,blaise.minckler@bearnecessities.app,Temporary!650, No,Blaise,Minckler
Maici Mintchwarner,maici.mintchwarner@bearnecessities.app,Temporary!651, No,Maici,Mintchwarner
Nicholas Mintz,nicholas.mintz@bearnecessities.app,Temporary!652, No,Nicholas,Mintz
Joseph Miranda,joseph.miranda@bearnecessities.app,Temporary!653, No,Joseph,Miranda
Ryan Mitchell,ryan.mitchell@bearnecessities.app,Temporary!654, No,Ryan,Mitchell
Hazel Mitrik,hazel.mitrik@bearnecessities.app,Temporary!655, No,Hazel,Mitrik
Mckenzie Mogel,mckenzie.mogel@bearnecessities.app,Temporary!656, No,Mckenzie,Mogel
Annabel Molner,annabel.molner@bearnecessities.app,Temporary!657, No,Annabel,Molner
Laura Molner,laura.molner@bearnecessities.app,Temporary!658, No,Laura,Molner
Nicholas Monahan,nicholas.monahan@bearnecessities.app,Temporary!659, No,Nicholas,Monahan
Gabriel Monroe,gabriel.monroe@bearnecessities.app,Temporary!660, No,Gabriel,Monroe
Amanda Moore,amanda.moore@bearnecessities.app,Temporary!661, No,Amanda,Moore
Colleen Moore,colleen.moore@bearnecessities.app,Temporary!662, No,Colleen,Moore
Sarah Moore,sarah.moore@bearnecessities.app,Temporary!663, No,Sarah,Moore
Justus Moorlach,justus.moorlach@bearnecessities.app,Temporary!664, No,Justus,Moorlach
Katharine Mary Morgan,katharinemary.morgan@bearnecessities.app,Temporary!665, No,Katharine Mary,Morgan
Kimber Moring,kimber.moring@bearnecessities.app,Temporary!666, No,Kimber,Moring
Connor Morris,connor.morris@bearnecessities.app,Temporary!667, No,Connor,Morris
Logan Morris,logan.morris@bearnecessities.app,Temporary!668, No,Logan,Morris
Logan Morrissey,logan.morrissey@bearnecessities.app,Temporary!669, No,Logan,Morrissey
Cassandra Moshy,cassandra.moshy@bearnecessities.app,Temporary!670, No,Cassandra,Moshy
Sydney Motherway,sydney.motherway@bearnecessities.app,Temporary!671, No,Sydney,Motherway
Delaney Moyer,delaney.moyer@bearnecessities.app,Temporary!672, No,Delaney,Moyer
Riley Mullen,riley.mullen@bearnecessities.app,Temporary!673, No,Riley,Mullen
Mackenzie Murnane,mackenzie.murnane@bearnecessities.app,Temporary!674, No,Mackenzie,Murnane
Madison Murphy,madison.murphy@bearnecessities.app,Temporary!675, No,Madison,Murphy
Manon Murphy,manon.murphy@bearnecessities.app,Temporary!676, No,Manon,Murphy
Maura Murphy,maura.murphy@bearnecessities.app,Temporary!677, No,Maura,Murphy
Aislinn Murray,aislinn.murray@bearnecessities.app,Temporary!678, No,Aislinn,Murray
Smith Musselman,smith.musselman@bearnecessities.app,Temporary!679, No,Smith,Musselman
Claire Myllykoski,claire.myllykoski@bearnecessities.app,Temporary!680, No,Claire,Myllykoski
Ian Naff,ian.naff@bearnecessities.app,Temporary!681, No,Ian,Naff
Reina Nagata,reina.nagata@bearnecessities.app,Temporary!682, No,Reina,Nagata
Adam Najera,adam.najera@bearnecessities.app,Temporary!683, No,Adam,Najera
Jonathan Nam,jonathan.nam@bearnecessities.app,Temporary!684, No,Jonathan,Nam
Amanda Nasti,amanda.nasti@bearnecessities.app,Temporary!685, No,Amanda,Nasti
Adam Nazar,adam.nazar@bearnecessities.app,Temporary!686, No,Adam,Nazar
Tylr Neely,tylr.neely@bearnecessities.app,Temporary!687, No,Tylr,Neely
Elina Nelson,elina.nelson@bearnecessities.app,Temporary!688, No,Elina,Nelson
Luke Nemsick,luke.nemsick@bearnecessities.app,Temporary!689, No,Luke,Nemsick
Daniel Neville,daniel.neville@bearnecessities.app,Temporary!690, No,Daniel,Neville
Mason Newman,mason.newman@bearnecessities.app,Temporary!691, No,Mason,Newman
Thao Nguyen,thao.nguyen@bearnecessities.app,Temporary!692, No,Thao,Nguyen
Andrew Nichols,andrew.nichols@bearnecessities.app,Temporary!693, No,Andrew,Nichols
Ivan Nicolai,ivan.nicolai@bearnecessities.app,Temporary!694, No,Ivan,Nicolai
Gabriel Niles,gabriel.niles@bearnecessities.app,Temporary!695, No,Gabriel,Niles
Dillon Nitz,dillon.nitz@bearnecessities.app,Temporary!696, No,Dillon,Nitz
Truman Noble,truman.noble@bearnecessities.app,Temporary!697, No,Truman,Noble
Benjamin Nocerito,benjamin.nocerito@bearnecessities.app,Temporary!698, No,Benjamin,Nocerito
Charles Norman,charles.norman@bearnecessities.app,Temporary!699, No,Charles,Norman
Jonathan Northcutt,jonathan.northcutt@bearnecessities.app,Temporary!700, No,Jonathan,Northcutt
William Nunn,william.nunn@bearnecessities.app,Temporary!701, No,William,Nunn
Zion Nuno,zion.nuno@bearnecessities.app,Temporary!702, No,Zion,Nuno
Daniel Nusraty,daniel.nusraty@bearnecessities.app,Temporary!703, No,Daniel,Nusraty
Allison Nystrom,allison.nystrom@bearnecessities.app,Temporary!704, No,Allison,Nystrom
Lauren Oakes,lauren.oakes@bearnecessities.app,Temporary!705, No,Lauren,Oakes
Dana O'Brien,dana.obrien@bearnecessities.app,Temporary!706, No,Dana,O'Brien
Michael O'Brien,michael.obrien@bearnecessities.app,Temporary!707, No,Michael,O'Brien
Caroline Odell,caroline.odell@bearnecessities.app,Temporary!708, No,Caroline,Odell
Blaise Oeding,blaise.oeding@bearnecessities.app,Temporary!709, No,Blaise,Oeding
Jaelyn O'Hara,jaelyn.ohara@bearnecessities.app,Temporary!710, No,Jaelyn,O'Hara
William O'Leary,william.oleary@bearnecessities.app,Temporary!711, No,William,O'Leary
Damian Olechowski,damian.olechowski@bearnecessities.app,Temporary!712, No,Damian,Olechowski
Haley Olson,haley.olson@bearnecessities.app,Temporary!713, No,Haley,Olson
Sadie Olson,sadie.olson@bearnecessities.app,Temporary!714, No,Sadie,Olson
Myah Olstad,myah.olstad@bearnecessities.app,Temporary!715, No,Myah,Olstad
John O'Melveny,john.omelveny@bearnecessities.app,Temporary!716, No,John,O'Melveny
Lauren O'Neill,lauren.oneill@bearnecessities.app,Temporary!717, No,Lauren,O'Neill
Michael Orsulak,michael.orsulak@bearnecessities.app,Temporary!718, No,Michael,Orsulak
Isabella Ortez,isabella.ortez@bearnecessities.app,Temporary!719, No,Isabella,Ortez
Christina Orthodoxou,christina.orthodoxou@bearnecessities.app,Temporary!720, No,Christina,Orthodoxou
Allison Osborn,allison.osborn@bearnecessities.app,Temporary!721, No,Allison,Osborn
Dennis O'Shea,dennis.oshea@bearnecessities.app,Temporary!722, No,Dennis,O'Shea
Kathleen O'Shea,kathleen.oshea@bearnecessities.app,Temporary!723, No,Kathleen,O'Shea
Parker O'Sullivan,parker.osullivan@bearnecessities.app,Temporary!724, No,Parker,O'Sullivan
Michael Pagan-Selby,michael.pagan-selby@bearnecessities.app,Temporary!725, No,Michael,Pagan-Selby
Puti'on Palacios Camacho,pution.palacioscamacho@bearnecessities.app,Temporary!726, No,Puti'on,Palacios Camacho
Sidney Palinkas,sidney.palinkas@bearnecessities.app,Temporary!727, No,Sidney,Palinkas
Kevin Pandorf,kevin.pandorf@bearnecessities.app,Temporary!728, No,Kevin,Pandorf
Alexis Pape,alexis.pape@bearnecessities.app,Temporary!729, No,Alexis,Pape
Elijah Parent,elijah.parent@bearnecessities.app,Temporary!730, No,Elijah,Parent
Dylan Park,dylan.park@bearnecessities.app,Temporary!731, No,Dylan,Park
Sydney Park,sydney.park@bearnecessities.app,Temporary!732, No,Sydney,Park
Alyssa Parker,alyssa.parker@bearnecessities.app,Temporary!733, No,Alyssa,Parker
Trevor Parks,trevor.parks@bearnecessities.app,Temporary!734, No,Trevor,Parks
Victor Parks,victor.parks@bearnecessities.app,Temporary!735, No,Victor,Parks
Morgan Parrish,morgan.parrish@bearnecessities.app,Temporary!736, No,Morgan,Parrish
Glenn Patrick,glenn.patrick@bearnecessities.app,Temporary!737, No,Glenn,Patrick
James Patz,james.patz@bearnecessities.app,Temporary!738, No,James,Patz
Cooper Pavlovich,cooper.pavlovich@bearnecessities.app,Temporary!739, No,Cooper,Pavlovich
Dominick Pawlak,dominick.pawlak@bearnecessities.app,Temporary!740, No,Dominick,Pawlak
Madelyn Paxton,madelyn.paxton@bearnecessities.app,Temporary!741, No,Madelyn,Paxton
Sarah Pearson,sarah.pearson@bearnecessities.app,Temporary!742, No,Sarah,Pearson
Savannah Pearson,savannah.pearson@bearnecessities.app,Temporary!743, No,Savannah,Pearson
Adam Peitz,adam.peitz@bearnecessities.app,Temporary!744, No,Adam,Peitz
Leonardo Peltier-Salazar,leonardo.peltier-salazar@bearnecessities.app,Temporary!745, No,Leonardo,Peltier-Salazar
Maxwell Penella,maxwell.penella@bearnecessities.app,Temporary!746, No,Maxwell,Penella
Miquel Penella,miquel.penella@bearnecessities.app,Temporary!747, No,Miquel,Penella
Coleman Pepperd,coleman.pepperd@bearnecessities.app,Temporary!748, No,Coleman,Pepperd
Luke Percifield,luke.percifield@bearnecessities.app,Temporary!749, No,Luke,Percifield
Farrah Peterein,farrah.peterein@bearnecessities.app,Temporary!750, No,Farrah,Peterein
William Petersen,william.petersen@bearnecessities.app,Temporary!751, No,William,Petersen
Seth Pettis,seth.pettis@bearnecessities.app,Temporary!752, No,Seth,Pettis
Daniel Pettyjohn,daniel.pettyjohn@bearnecessities.app,Temporary!753, No,Daniel,Pettyjohn
Anabelle Pezzullo,anabelle.pezzullo@bearnecessities.app,Temporary!754, No,Anabelle,Pezzullo
Wolfgang Pfleghar,wolfgang.pfleghar@bearnecessities.app,Temporary!755, No,Wolfgang,Pfleghar
Paige Phillips,paige.phillips@bearnecessities.app,Temporary!756, No,Paige,Phillips
Sydney Phipps,sydney.phipps@bearnecessities.app,Temporary!757, No,Sydney,Phipps
Nicole Pieczonka,nicole.pieczonka@bearnecessities.app,Temporary!758, No,Nicole,Pieczonka
Myles Piotrowski,myles.piotrowski@bearnecessities.app,Temporary!759, No,Myles,Piotrowski
Robert Pistoria,robert.pistoria@bearnecessities.app,Temporary!760, No,Robert,Pistoria
Charles Pohl,charles.pohl@bearnecessities.app,Temporary!761, No,Charles,Pohl
Nathan Pokress,nathan.pokress@bearnecessities.app,Temporary!762, No,Nathan,Pokress
Chase Politte,chase.politte@bearnecessities.app,Temporary!763, No,Chase,Politte
Tyler Polon,tyler.polon@bearnecessities.app,Temporary!764, No,Tyler,Polon
John Pond,john.pond@bearnecessities.app,Temporary!765, No,John,Pond
Michael Porter,michael.porter@bearnecessities.app,Temporary!766, No,Michael,Porter
Siamack Porter,siamack.porter@bearnecessities.app,Temporary!767, No,Siamack,Porter
Lucca Possamai,lucca.possamai@bearnecessities.app,Temporary!768, No,Lucca,Possamai
Jimmy Pozo,jimmy.pozo@bearnecessities.app,Temporary!769, No,Jimmy,Pozo
Raymond Priddy,raymond.priddy@bearnecessities.app,Temporary!770, No,Raymond,Priddy
Dylan Prince,dylan.prince@bearnecessities.app,Temporary!771, No,Dylan,Prince
Jonathan Prince,jonathan.prince@bearnecessities.app,Temporary!772, No,Jonathan,Prince
Jordan Prinner,jordan.prinner@bearnecessities.app,Temporary!773, No,Jordan,Prinner
Lauren Proctor,lauren.proctor@bearnecessities.app,Temporary!774, No,Lauren,Proctor
John Prosperi,john.prosperi@bearnecessities.app,Temporary!775, No,John,Prosperi
Cheyenne Pullen,cheyenne.pullen@bearnecessities.app,Temporary!776, No,Cheyenne,Pullen
Mason Purvis,mason.purvis@bearnecessities.app,Temporary!777, No,Mason,Purvis
John Putnam,john.putnam@bearnecessities.app,Temporary!778, No,John,Putnam
Mia Quinlan,mia.quinlan@bearnecessities.app,Temporary!779, No,Mia,Quinlan
Daniel Radka,daniel.radka@bearnecessities.app,Temporary!780, No,Daniel,Radka
Chase Randall,chase.randall@bearnecessities.app,Temporary!781, No,Chase,Randall
Edward Ratliff,edward.ratliff@bearnecessities.app,Temporary!782, No,Edward,Ratliff
Finley Rauscher,finley.rauscher@bearnecessities.app,Temporary!783, No,Finley,Rauscher
Derek Raymond,derek.raymond@bearnecessities.app,Temporary!784, No,Derek,Raymond
Charles Red,charles.red@bearnecessities.app,Temporary!785, No,Charles,Red
Nicholas Reeser,nicholas.reeser@bearnecessities.app,Temporary!786, No,Nicholas,Reeser
Victoria Gil Regalado,victoriagil.regalado@bearnecessities.app,Temporary!787, No,Victoria Gil,Regalado
Alexander Regan,alexander.regan@bearnecessities.app,Temporary!788, No,Alexander,Regan
Matthew Reheuser,matthew.reheuser@bearnecessities.app,Temporary!789, No,Matthew,Reheuser
Noah Reice,noah.reice@bearnecessities.app,Temporary!790, No,Noah,Reice
Phillip Renaud,phillip.renaud@bearnecessities.app,Temporary!791, No,Phillip,Renaud
Robert Rerras,robert.rerras@bearnecessities.app,Temporary!792, No,Robert,Rerras
Carys Rey,carys.rey@bearnecessities.app,Temporary!793, No,Carys,Rey
Kirsten Heather Reyes,kirstenheather.reyes@bearnecessities.app,Temporary!794, No,Kirsten Heather,Reyes
Elyssia Reyna,elyssia.reyna@bearnecessities.app,Temporary!795, No,Elyssia,Reyna
Haley Reynolds,haley.reynolds@bearnecessities.app,Temporary!796, No,Haley,Reynolds
Joseph Reynolds,joseph.reynolds@bearnecessities.app,Temporary!797, No,Joseph,Reynolds
Thomas Rhodes,thomas.rhodes@bearnecessities.app,Temporary!798, No,Thomas,Rhodes
Mychal Riccio,mychal.riccio@bearnecessities.app,Temporary!799, No,Mychal,Riccio
Mali Richardson,mali.richardson@bearnecessities.app,Temporary!800, No,Mali,Richardson
Parker Richmond,parker.richmond@bearnecessities.app,Temporary!801, No,Parker,Richmond
Savannah Riera,savannah.riera@bearnecessities.app,Temporary!802, No,Savannah,Riera
Alaina Riggs,alaina.riggs@bearnecessities.app,Temporary!803, No,Alaina,Riggs
Christian Riozzi-Bodine,christian.riozzi-bodine@bearnecessities.app,Temporary!804, No,Christian,Riozzi-Bodine
Riley Ritter,riley.ritter@bearnecessities.app,Temporary!805, No,Riley,Ritter
Antonio Rivera,antonio.rivera@bearnecessities.app,Temporary!806, No,Antonio,Rivera
Isabella Rivera,isabella.rivera@bearnecessities.app,Temporary!807, No,Isabella,Rivera
Lily Rivera,lily.rivera@bearnecessities.app,Temporary!808, No,Lily,Rivera
Sarah Rivera Rivera,sarah.riverarivera@bearnecessities.app,Temporary!809, No,Sarah,Rivera Rivera
Isabel Robey,isabel.robey@bearnecessities.app,Temporary!810, No,Isabel,Robey
Tristen Robledo-Thompson,tristen.robledo-thompson@bearnecessities.app,Temporary!811, No,Tristen,Robledo-Thompson
Steven Rochard,steven.rochard@bearnecessities.app,Temporary!812, No,Steven,Rochard
Christian Rodgers,christian.rodgers@bearnecessities.app,Temporary!813, No,Christian,Rodgers
Alexander Rodriguez,alexander.rodriguez@bearnecessities.app,Temporary!814, No,Alexander,Rodriguez
Ian Roeder,ian.roeder@bearnecessities.app,Temporary!815, No,Ian,Roeder
Cullen Rogacki,cullen.rogacki@bearnecessities.app,Temporary!816, No,Cullen,Rogacki
Morgan Rogacki,morgan.rogacki@bearnecessities.app,Temporary!817, No,Morgan,Rogacki
Alexander Rogers,alexander.rogers@bearnecessities.app,Temporary!818, No,Alexander,Rogers
Noah Rohrer,noah.rohrer@bearnecessities.app,Temporary!819, No,Noah,Rohrer
Mateo Rojas,mateo.rojas@bearnecessities.app,Temporary!820, No,Mateo,Rojas
Sean Rojas,sean.rojas@bearnecessities.app,Temporary!821, No,Sean,Rojas
Mackensi Rollings,mackensi.rollings@bearnecessities.app,Temporary!822, No,Mackensi,Rollings
Charles Romano,charles.romano@bearnecessities.app,Temporary!823, No,Charles,Romano
Declan Rooney,declan.rooney@bearnecessities.app,Temporary!824, No,Declan,Rooney
Sophia Rosenberg,sophia.rosenberg@bearnecessities.app,Temporary!825, No,Sophia,Rosenberg
Matthew Ross,matthew.ross@bearnecessities.app,Temporary!826, No,Matthew,Ross
Aidan Rostkowski,aidan.rostkowski@bearnecessities.app,Temporary!827, No,Aidan,Rostkowski
Nicholas Rothe,nicholas.rothe@bearnecessities.app,Temporary!828, No,Nicholas,Rothe
Katharine Rott,katharine.rott@bearnecessities.app,Temporary!829, No,Katharine,Rott
Meirabella Rouane,meirabella.rouane@bearnecessities.app,Temporary!830, No,Meirabella,Rouane
Victoria Royal,victoria.royal@bearnecessities.app,Temporary!831, No,Victoria,Royal
Jason Ruggieri,jason.ruggieri@bearnecessities.app,Temporary!832, No,Jason,Ruggieri
Wyatt Rumpf,wyatt.rumpf@bearnecessities.app,Temporary!833, No,Wyatt,Rumpf
Gavin Russiello-Tous,gavin.russiello-tous@bearnecessities.app,Temporary!834, No,Gavin,Russiello-Tous
Kieran Ryan,kieran.ryan@bearnecessities.app,Temporary!835, No,Kieran,Ryan
Jean Ryu,jean.ryu@bearnecessities.app,Temporary!836, No,Jean,Ryu
Samuel Saftner,samuel.saftner@bearnecessities.app,Temporary!837, No,Samuel,Saftner
Georgiy Sakharov,georgiy.sakharov@bearnecessities.app,Temporary!838, No,Georgiy,Sakharov
Kane Salan,kane.salan@bearnecessities.app,Temporary!839, No,Kane,Salan
Napoleon Christi Salayon,napoleonchristi.salayon@bearnecessities.app,Temporary!840, No,Napoleon Christi,Salayon
Jaelyn Sale,jaelyn.sale@bearnecessities.app,Temporary!841, No,Jaelyn,Sale
Daniel Francis Sales,danielfrancis.sales@bearnecessities.app,Temporary!842, No,Daniel Francis,Sales
Nicholas Salvati,nicholas.salvati@bearnecessities.app,Temporary!843, No,Nicholas,Salvati
Bryce Samples,bryce.samples@bearnecessities.app,Temporary!844, No,Bryce,Samples
Kyle Peter San Nicolas,kylepeter.sannicolas@bearnecessities.app,Temporary!845, No,Kyle Peter,San Nicolas
Gabrielle Sanchez,gabrielle.sanchez@bearnecessities.app,Temporary!846, No,Gabrielle,Sanchez
Sebastian Sanchez,sebastian.sanchez@bearnecessities.app,Temporary!847, No,Sebastian,Sanchez
Jude Sargent,jude.sargent@bearnecessities.app,Temporary!848, No,Jude,Sargent
Erin Sass,erin.sass@bearnecessities.app,Temporary!849, No,Erin,Sass
Emily Scharnitzky,emily.scharnitzky@bearnecessities.app,Temporary!850, No,Emily,Scharnitzky
Cammi Schaufelberger,cammi.schaufelberger@bearnecessities.app,Temporary!851, No,Cammi,Schaufelberger
Tailyn Schaufelberger,tailyn.schaufelberger@bearnecessities.app,Temporary!852, No,Tailyn,Schaufelberger
Tate Scherer,tate.scherer@bearnecessities.app,Temporary!853, No,Tate,Scherer
Jack Schmidt,jack.schmidt@bearnecessities.app,Temporary!854, No,Jack,Schmidt
Abriana Schmutz,abriana.schmutz@bearnecessities.app,Temporary!855, No,Abriana,Schmutz
Taylor Schnatz,taylor.schnatz@bearnecessities.app,Temporary!856, No,Taylor,Schnatz
Colman Schofield,colman.schofield@bearnecessities.app,Temporary!857, No,Colman,Schofield
Ethan Schroeder,ethan.schroeder@bearnecessities.app,Temporary!858, No,Ethan,Schroeder
Anamaria Schur,anamaria.schur@bearnecessities.app,Temporary!859, No,Anamaria,Schur
James Schvaneveldt,james.schvaneveldt@bearnecessities.app,Temporary!860, No,James,Schvaneveldt
Abigail Schweitzer,abigail.schweitzer@bearnecessities.app,Temporary!861, No,Abigail,Schweitzer
Mattia Seazzu,mattia.seazzu@bearnecessities.app,Temporary!862, No,Mattia,Seazzu
Isabilita Sekulovic,isabilita.sekulovic@bearnecessities.app,Temporary!863, No,Isabilita,Sekulovic
Nicholas Selzer,nicholas.selzer@bearnecessities.app,Temporary!864, No,Nicholas,Selzer
Claire Semerod,claire.semerod@bearnecessities.app,Temporary!865, No,Claire,Semerod
Logan Sewell,logan.sewell@bearnecessities.app,Temporary!866, No,Logan,Sewell
Ensen Sgaglio,ensen.sgaglio@bearnecessities.app,Temporary!867, No,Ensen,Sgaglio
Michael Shank,michael.shank@bearnecessities.app,Temporary!868, No,Michael,Shank
Aidan Shaw,aidan.shaw@bearnecessities.app,Temporary!869, No,Aidan,Shaw
Shannon Shaw,shannon.shaw@bearnecessities.app,Temporary!870, No,Shannon,Shaw
Edward Sherman,edward.sherman@bearnecessities.app,Temporary!871, No,Edward,Sherman
Mitchell Shettles,mitchell.shettles@bearnecessities.app,Temporary!872, No,Mitchell,Shettles
Kendal Shiels,kendal.shiels@bearnecessities.app,Temporary!873, No,Kendal,Shiels
Alex Shilling,alex.shilling@bearnecessities.app,Temporary!874, No,Alex,Shilling
Riley Shipman,riley.shipman@bearnecessities.app,Temporary!875, No,Riley,Shipman
Courtney Shire,courtney.shire@bearnecessities.app,Temporary!876, No,Courtney,Shire
Eloise Shirley,eloise.shirley@bearnecessities.app,Temporary!877, No,Eloise,Shirley
Ethan Shopland,ethan.shopland@bearnecessities.app,Temporary!878, No,Ethan,Shopland
Christian Short,christian.short@bearnecessities.app,Temporary!879, No,Christian,Short
Isabelle Shroyer,isabelle.shroyer@bearnecessities.app,Temporary!880, No,Isabelle,Shroyer
Kai Shuster,kai.shuster@bearnecessities.app,Temporary!881, No,Kai,Shuster
Grace Sickendick,grace.sickendick@bearnecessities.app,Temporary!882, No,Grace,Sickendick
Kaipo Sigrah,kaipo.sigrah@bearnecessities.app,Temporary!883, No,Kaipo,Sigrah
Madelynn Silberger,madelynn.silberger@bearnecessities.app,Temporary!884, No,Madelynn,Silberger
Marcella Silberger,marcella.silberger@bearnecessities.app,Temporary!885, No,Marcella,Silberger
Maximus Silver,maximus.silver@bearnecessities.app,Temporary!886, No,Maximus,Silver
James Simon,james.simon@bearnecessities.app,Temporary!887, No,James,Simon
Shawna-Marie Sinclair,shawna-marie.sinclair@bearnecessities.app,Temporary!888, No,Shawna-Marie,Sinclair
Sarah Skurat,sarah.skurat@bearnecessities.app,Temporary!889, No,Sarah,Skurat
Forrest Slaterbeck,forrest.slaterbeck@bearnecessities.app,Temporary!890, No,Forrest,Slaterbeck
Luke Slosar,luke.slosar@bearnecessities.app,Temporary!891, No,Luke,Slosar
Laura Slovensky,laura.slovensky@bearnecessities.app,Temporary!892, No,Laura,Slovensky
Alexander Smigal,alexander.smigal@bearnecessities.app,Temporary!893, No,Alexander,Smigal
Alexander Smith,alexander.smith@bearnecessities.app,Temporary!894, No,Alexander,Smith
Charles Smith,charles.smith@bearnecessities.app,Temporary!895, No,Charles,Smith
Ella Smith,ella.smith@bearnecessities.app,Temporary!896, No,Ella,Smith
Lucy Smith,lucy.smith@bearnecessities.app,Temporary!897, No,Lucy,Smith
Mark Smith,mark.smith@bearnecessities.app,Temporary!898, No,Mark,Smith
Patrick Smith,patrick.smith@bearnecessities.app,Temporary!899, No,Patrick,Smith
Franklin Smith-Custer,franklin.smith-custer@bearnecessities.app,Temporary!900, No,Franklin,Smith-Custer
Lucy Smutny,lucy.smutny@bearnecessities.app,Temporary!901, No,Lucy,Smutny
Samuel Snyder,samuel.snyder@bearnecessities.app,Temporary!902, No,Samuel,Snyder
Gina Sobinovsky,gina.sobinovsky@bearnecessities.app,Temporary!903, No,Gina,Sobinovsky
Lisa Sobinovsky,lisa.sobinovsky@bearnecessities.app,Temporary!904, No,Lisa,Sobinovsky
Joshua Soca,joshua.soca@bearnecessities.app,Temporary!905, No,Joshua,Soca
Brock Soletti,brock.soletti@bearnecessities.app,Temporary!906, No,Brock,Soletti
Sarah Somer,sarah.somer@bearnecessities.app,Temporary!907, No,Sarah,Somer
Maalik Song,maalik.song@bearnecessities.app,Temporary!908, No,Maalik,Song
Sophia Souvignier,sophia.souvignier@bearnecessities.app,Temporary!909, No,Sophia,Souvignier
William Spada,william.spada@bearnecessities.app,Temporary!910, No,William,Spada
Xavier Spaulding,xavier.spaulding@bearnecessities.app,Temporary!911, No,Xavier,Spaulding
Lucy Spencer,lucy.spencer@bearnecessities.app,Temporary!912, No,Lucy,Spencer
Dominik Spinelli,dominik.spinelli@bearnecessities.app,Temporary!913, No,Dominik,Spinelli
Jack Spinnato,jack.spinnato@bearnecessities.app,Temporary!914, No,Jack,Spinnato
Coy Spooner,coy.spooner@bearnecessities.app,Temporary!915, No,Coy,Spooner
Daniel Spoor,daniel.spoor@bearnecessities.app,Temporary!916, No,Daniel,Spoor
Nathan Stafford,nathan.stafford@bearnecessities.app,Temporary!917, No,Nathan,Stafford
Brody Stankowski,brody.stankowski@bearnecessities.app,Temporary!918, No,Brody,Stankowski
Kathleen Stebbins,kathleen.stebbins@bearnecessities.app,Temporary!919, No,Kathleen,Stebbins
Jack Steel,jack.steel@bearnecessities.app,Temporary!920, No,Jack,Steel
Andrea Stefanyshyn,andrea.stefanyshyn@bearnecessities.app,Temporary!921, No,Andrea,Stefanyshyn
Evan Stein,evan.stein@bearnecessities.app,Temporary!922, No,Evan,Stein
Piper Stephens,piper.stephens@bearnecessities.app,Temporary!923, No,Piper,Stephens
Micah Steudle,micah.steudle@bearnecessities.app,Temporary!924, No,Micah,Steudle
Lucas Stevens,lucas.stevens@bearnecessities.app,Temporary!925, No,Lucas,Stevens
Ronan Stone,ronan.stone@bearnecessities.app,Temporary!926, No,Ronan,Stone
Alaina Stonebraker,alaina.stonebraker@bearnecessities.app,Temporary!927, No,Alaina,Stonebraker
Jacob Storch,jacob.storch@bearnecessities.app,Temporary!928, No,Jacob,Storch
Dorothy Stotts,dorothy.stotts@bearnecessities.app,Temporary!929, No,Dorothy,Stotts
Caden Stout,caden.stout@bearnecessities.app,Temporary!930, No,Caden,Stout
Laird Strand,laird.strand@bearnecessities.app,Temporary!931, No,Laird,Strand
Julia Striker,julia.striker@bearnecessities.app,Temporary!932, No,Julia,Striker
Corinne Strommer,corinne.strommer@bearnecessities.app,Temporary!933, No,Corinne,Strommer
Zoe Suhajda,zoe.suhajda@bearnecessities.app,Temporary!934, No,Zoe,Suhajda
Sean Sullivan,sean.sullivan@bearnecessities.app,Temporary!935, No,Sean,Sullivan
Justin Summers,justin.summers@bearnecessities.app,Temporary!936, No,Justin,Summers
Matthew Sun,matthew.sun@bearnecessities.app,Temporary!937, No,Matthew,Sun
Maureen Sussman,maureen.sussman@bearnecessities.app,Temporary!938, No,Maureen,Sussman
Michelle Swanson,michelle.swanson@bearnecessities.app,Temporary!939, No,Michelle,Swanson
Haley Sweet,haley.sweet@bearnecessities.app,Temporary!940, No,Haley,Sweet
Nhan Ta,nhan.ta@bearnecessities.app,Temporary!941, No,Nhan,Ta
Ethan Tabit,ethan.tabit@bearnecessities.app,Temporary!942, No,Ethan,Tabit
Lucas Tabit,lucas.tabit@bearnecessities.app,Temporary!943, No,Lucas,Tabit
John Tacchini,john.tacchini@bearnecessities.app,Temporary!944, No,John,Tacchini
Lara Taha,lara.taha@bearnecessities.app,Temporary!945, No,Lara,Taha
Delaney Taplin-Patterson,delaney.taplin-patterson@bearnecessities.app,Temporary!946, No,Delaney,Taplin-Patterson
Anna Tate,anna.tate@bearnecessities.app,Temporary!947, No,Anna,Tate
Alexis Taylor,alexis.taylor@bearnecessities.app,Temporary!948, No,Alexis,Taylor
Keith Teague,keith.teague@bearnecessities.app,Temporary!949, No,Keith,Teague
Ezra Tetreault,ezra.tetreault@bearnecessities.app,Temporary!950, No,Ezra,Tetreault
Aloysia Theobald,aloysia.theobald@bearnecessities.app,Temporary!951, No,Aloysia,Theobald
Alexander Thissell,alexander.thissell@bearnecessities.app,Temporary!952, No,Alexander,Thissell
Jake Thoenen,jake.thoenen@bearnecessities.app,Temporary!953, No,Jake,Thoenen
Matthew Thomas,matthew.thomas@bearnecessities.app,Temporary!954, No,Matthew,Thomas
Riley Thorburn,riley.thorburn@bearnecessities.app,Temporary!955, No,Riley,Thorburn
Carson Throne,carson.throne@bearnecessities.app,Temporary!956, No,Carson,Throne
Charlie Throne,charlie.throne@bearnecessities.app,Temporary!957, No,Charlie,Throne
Samson Tighe,samson.tighe@bearnecessities.app,Temporary!958, No,Samson,Tighe
Jacey Tippman,jacey.tippman@bearnecessities.app,Temporary!959, No,Jacey,Tippman
Daniella Tipton,daniella.tipton@bearnecessities.app,Temporary!960, No,Daniella,Tipton
Kathryn Tlapa,kathryn.tlapa@bearnecessities.app,Temporary!961, No,Kathryn,Tlapa
Ethan To,ethan.to@bearnecessities.app,Temporary!962, No,Ethan,To
Brett Tobasky,brett.tobasky@bearnecessities.app,Temporary!963, No,Brett,Tobasky
Ethan Tobey,ethan.tobey@bearnecessities.app,Temporary!964, No,Ethan,Tobey
Grace Tomisek,grace.tomisek@bearnecessities.app,Temporary!965, No,Grace,Tomisek
Makenna Topp,makenna.topp@bearnecessities.app,Temporary!966, No,Makenna,Topp
Drew Torell,drew.torell@bearnecessities.app,Temporary!967, No,Drew,Torell
Nicholas Torres,nicholas.torres@bearnecessities.app,Temporary!968, No,Nicholas,Torres
Carson Trager,carson.trager@bearnecessities.app,Temporary!969, No,Carson,Trager
Kai Trager,kai.trager@bearnecessities.app,Temporary!970, No,Kai,Trager
David Tran,david.tran@bearnecessities.app,Temporary!971, No,David,Tran
Alyssa Trejo,alyssa.trejo@bearnecessities.app,Temporary!972, No,Alyssa,Trejo
Jackson Triepke,jackson.triepke@bearnecessities.app,Temporary!973, No,Jackson,Triepke
Sidney Triepke,sidney.triepke@bearnecessities.app,Temporary!974, No,Sidney,Triepke
Duane Trout,duane.trout@bearnecessities.app,Temporary!975, No,Duane,Trout
Tsung-Kai Tseng,tsung-kai.tseng@bearnecessities.app,Temporary!976, No,Tsung-Kai,Tseng
James Tucker,james.tucker@bearnecessities.app,Temporary!977, No,James,Tucker
Colin Twiss,colin.twiss@bearnecessities.app,Temporary!978, No,Colin,Twiss
Walter Ulmer,walter.ulmer@bearnecessities.app,Temporary!979, No,Walter,Ulmer
Daniel Unangst,daniel.unangst@bearnecessities.app,Temporary!980, No,Daniel,Unangst
Mei Lei Urbanski,meilei.urbanski@bearnecessities.app,Temporary!981, No,Mei Lei,Urbanski
Jeremias Urieta,jeremias.urieta@bearnecessities.app,Temporary!982, No,Jeremias,Urieta
Joshua Usry,joshua.usry@bearnecessities.app,Temporary!983, No,Joshua,Usry
Janet Uwamahoro,janet.uwamahoro@bearnecessities.app,Temporary!984, No,Janet,Uwamahoro
Jaimie Valentine,jaimie.valentine@bearnecessities.app,Temporary!985, No,Jaimie,Valentine
Hannah Van Cise,hannah.vancise@bearnecessities.app,Temporary!986, No,Hannah,Van Cise
Bryce VanderWiere,bryce.vanderwiere@bearnecessities.app,Temporary!987, No,Bryce,VanderWiere
Gavin VanManen,gavin.vanmanen@bearnecessities.app,Temporary!988, No,Gavin,VanManen
Jacob Vecchio,jacob.vecchio@bearnecessities.app,Temporary!989, No,Jacob,Vecchio
Gisselle Vega,gisselle.vega@bearnecessities.app,Temporary!990, No,Gisselle,Vega
Samantha Ventimiglia,samantha.ventimiglia@bearnecessities.app,Temporary!991, No,Samantha,Ventimiglia
Natalie Verna,natalie.verna@bearnecessities.app,Temporary!992, No,Natalie,Verna
Alexander Versaw,alexander.versaw@bearnecessities.app,Temporary!993, No,Alexander,Versaw
Riley Vicinanzo,riley.vicinanzo@bearnecessities.app,Temporary!994, No,Riley,Vicinanzo
Ryan Vigo,ryan.vigo@bearnecessities.app,Temporary!995, No,Ryan,Vigo
Andres Villasana,andres.villasana@bearnecessities.app,Temporary!996, No,Andres,Villasana
Kayla Villegas Sanchez,kayla.villegassanchez@bearnecessities.app,Temporary!997, No,Kayla,Villegas Sanchez
Colin Vislay,colin.vislay@bearnecessities.app,Temporary!998, No,Colin,Vislay
Ursula Vlases,ursula.vlases@bearnecessities.app,Temporary!999, No,Ursula,Vlases
Ryan Von Weihe,ryan.vonweihe@bearnecessities.app,Temporary!1000, No,Ryan,Von Weihe
Pierson Wade,pierson.wade@bearnecessities.app,Temporary!1001, No,Pierson,Wade
Benjamin Wagner,benjamin.wagner@bearnecessities.app,Temporary!1002, No,Benjamin,Wagner
Mary Wahlin,mary.wahlin@bearnecessities.app,Temporary!1003, No,Mary,Wahlin
Olivia Wahlin,olivia.wahlin@bearnecessities.app,Temporary!1004, No,Olivia,Wahlin
Tira Waksmonski,tira.waksmonski@bearnecessities.app,Temporary!1005, No,Tira,Waksmonski
Dana Walker,dana.walker@bearnecessities.app,Temporary!1006, No,Dana,Walker
Rowan Walsh,rowan.walsh@bearnecessities.app,Temporary!1007, No,Rowan,Walsh
Kelsey Ward,kelsey.ward@bearnecessities.app,Temporary!1008, No,Kelsey,Ward
Morgan Ward,morgan.ward@bearnecessities.app,Temporary!1009, No,Morgan,Ward
Charlotte Waring,charlotte.waring@bearnecessities.app,Temporary!1010, No,Charlotte,Waring
Hannah Warnke,hannah.warnke@bearnecessities.app,Temporary!1011, No,Hannah,Warnke
Allan Wasserman,allan.wasserman@bearnecessities.app,Temporary!1012, No,Allan,Wasserman
Tealani Wasson,tealani.wasson@bearnecessities.app,Temporary!1013, No,Tealani,Wasson
Caden Waters,caden.waters@bearnecessities.app,Temporary!1014, No,Caden,Waters
Cheyenne Waters,cheyenne.waters@bearnecessities.app,Temporary!1015, No,Cheyenne,Waters
Conor Watts,conor.watts@bearnecessities.app,Temporary!1016, No,Conor,Watts
Laine Weber,laine.weber@bearnecessities.app,Temporary!1017, No,Laine,Weber
Kobi Weiland,kobi.weiland@bearnecessities.app,Temporary!1018, No,Kobi,Weiland
Holli Welcker,holli.welcker@bearnecessities.app,Temporary!1019, No,Holli,Welcker
Joshua West,joshua.west@bearnecessities.app,Temporary!1020, No,Joshua,West
RaileyAnn Westervelt,raileyann.westervelt@bearnecessities.app,Temporary!1021, No,RaileyAnn,Westervelt
John Weston,john.weston@bearnecessities.app,Temporary!1022, No,John,Weston
Owen Wetter,owen.wetter@bearnecessities.app,Temporary!1023, No,Owen,Wetter
Brennan Whalen,brennan.whalen@bearnecessities.app,Temporary!1024, No,Brennan,Whalen
Erin Whalen,erin.whalen@bearnecessities.app,Temporary!1025, No,Erin,Whalen
Keira Whalen,keira.whalen@bearnecessities.app,Temporary!1026, No,Keira,Whalen
Tamara Wheater,tamara.wheater@bearnecessities.app,Temporary!1027, No,Tamara,Wheater
Frederick Wheaton,frederick.wheaton@bearnecessities.app,Temporary!1028, No,Frederick,Wheaton
James Wheeler,james.wheeler@bearnecessities.app,Temporary!1029, No,James,Wheeler
Daniel Whelan,daniel.whelan@bearnecessities.app,Temporary!1030, No,Daniel,Whelan
Austin White,austin.white@bearnecessities.app,Temporary!1031, No,Austin,White
Lucas White,lucas.white@bearnecessities.app,Temporary!1032, No,Lucas,White
Mason White,mason.white@bearnecessities.app,Temporary!1033, No,Mason,White
Sophia White,sophia.white@bearnecessities.app,Temporary!1034, No,Sophia,White
Bradley Whiteway,bradley.whiteway@bearnecessities.app,Temporary!1035, No,Bradley,Whiteway
Madison Whitworth,madison.whitworth@bearnecessities.app,Temporary!1036, No,Madison,Whitworth
Claire Wiese,claire.wiese@bearnecessities.app,Temporary!1037, No,Claire,Wiese
Allie Wildsmith,allie.wildsmith@bearnecessities.app,Temporary!1038, No,Allie,Wildsmith
Jamison Wildt,jamison.wildt@bearnecessities.app,Temporary!1039, No,Jamison,Wildt
Daniel Williams,daniel.williams@bearnecessities.app,Temporary!1040, No,Daniel,Williams
Harrison Williams,harrison.williams@bearnecessities.app,Temporary!1041, No,Harrison,Williams
Dawson Willis,dawson.willis@bearnecessities.app,Temporary!1042, No,Dawson,Willis
Carson Wirtz,carson.wirtz@bearnecessities.app,Temporary!1043, No,Carson,Wirtz
Arwen Wise,arwen.wise@bearnecessities.app,Temporary!1044, No,Arwen,Wise
Kai Wismar,kai.wismar@bearnecessities.app,Temporary!1045, No,Kai,Wismar
William Wolf,william.wolf@bearnecessities.app,Temporary!1046, No,William,Wolf
Kyle Wong,kyle.wong@bearnecessities.app,Temporary!1047, No,Kyle,Wong
Lauren Wong,lauren.wong@bearnecessities.app,Temporary!1048, No,Lauren,Wong
Francis Wood,francis.wood@bearnecessities.app,Temporary!1049, No,Francis,Wood
Kira Wood,kira.wood@bearnecessities.app,Temporary!1050, No,Kira,Wood
Jacob Woodburn,jacob.woodburn@bearnecessities.app,Temporary!1051, No,Jacob,Woodburn
Devin Woodworth,devin.woodworth@bearnecessities.app,Temporary!1052, No,Devin,Woodworth
Owen Woolcott,owen.woolcott@bearnecessities.app,Temporary!1053, No,Owen,Woolcott
Kaylee Wright,kaylee.wright@bearnecessities.app,Temporary!1054, No,Kaylee,Wright
Toby Wroe,toby.wroe@bearnecessities.app,Temporary!1055, No,Toby,Wroe
Alexis Wunder,alexis.wunder@bearnecessities.app,Temporary!1056, No,Alexis,Wunder
Brandon Wunder,brandon.wunder@bearnecessities.app,Temporary!1057, No,Brandon,Wunder
Ava Yacovone,ava.yacovone@bearnecessities.app,Temporary!1058, No,Ava,Yacovone
Benjamin Yagey,benjamin.yagey@bearnecessities.app,Temporary!1059, No,Benjamin,Yagey
Kai-Hung Yang,kai-hung.yang@bearnecessities.app,Temporary!1060, No,Kai-Hung,Yang
Cortlyn Yeargin,cortlyn.yeargin@bearnecessities.app,Temporary!1061, No,Cortlyn,Yeargin
Daniel Yi,daniel.yi@bearnecessities.app,Temporary!1062, No,Daniel,Yi
Peter Yi,peter.yi@bearnecessities.app,Temporary!1063, No,Peter,Yi
Ryan Yi,ryan.yi@bearnecessities.app,Temporary!1064, No,Ryan,Yi
Grace Yokitis,grace.yokitis@bearnecessities.app,Temporary!1065, No,Grace,Yokitis
Ryan Younes,ryan.younes@bearnecessities.app,Temporary!1066, No,Ryan,Younes
Charles Young,charles.young@bearnecessities.app,Temporary!1067, No,Charles,Young
Noah Yraola,noah.yraola@bearnecessities.app,Temporary!1068, No,Noah,Yraola
Catherine Yurko,catherine.yurko@bearnecessities.app,Temporary!1069, No,Catherine,Yurko
David Zak,david.zak@bearnecessities.app,Temporary!1070, No,David,Zak
Carlos Zavala,carlos.zavala@bearnecessities.app,Temporary!1071, No,Carlos,Zavala
Meren Zeliger,meren.zeliger@bearnecessities.app,Temporary!1072, No,Meren,Zeliger
Carmen Zipf,carmen.zipf@bearnecessities.app,Temporary!1073, No,Carmen,Zipf
Luke Zylinski,luke.zylinski@bearnecessities.app,Temporary!1074, No,Luke,Zylinski
